DRG,treatment,Name,Street,City,State,Zip,Region,TotalDischarges,AveragedCoveredCharges,AverageTotalPayments,type,lat,lon
885,PSYCHOSES,SOUTHEAST ALABAMA MEDICAL CENTER,1108 ROSS CLARK CIRCLE,DOTHAN,AL,36301,AL - Dothan,295,17627.12542,5175.623729,Inpatient,31.215235,-85.361458
885,PSYCHOSES,ELIZA COFFEE MEMORIAL HOSPITAL,205 MARENGO STREET,FLORENCE,AL,35631,AL - Birmingham,139,10376.13669,4912.093525,Inpatient,34.795109,-87.685158
885,PSYCHOSES,MARSHALL MEDICAL CENTER NORTH,8000 ALABAMA HIGHWAY 69,GUNTERSVILLE,AL,35976,AL - Huntsville,75,7605.586667,4709.093333,Inpatient,34.36393,-86.419746
885,PSYCHOSES,ST VINCENT'S EAST,50 MEDICAL PARK EAST DRIVE,BIRMINGHAM,AL,35235,AL - Birmingham,32,11076,5165.09375,Inpatient,33.595249,-86.665291
885,PSYCHOSES,DALE MEDICAL CENTER,126 HOSPITAL AVE,OZARK,AL,36360,AL - Dothan,148,10753.73649,5304.777027,Inpatient,31.45182,-85.630913
885,PSYCHOSES,EAST ALABAMA MEDICAL CENTER AND SNF,2000 PEPPERELL PARKWAY,OPELIKA,AL,36801,AL - Birmingham,88,9009.397727,5167.102273,Inpatient,32.638061,-85.404449
885,PSYCHOSES,UNIVERSITY OF ALABAMA HOSPITAL,619 SOUTH 19TH STREET,BIRMINGHAM,AL,35233,AL - Birmingham,18,23252,8495.277778,Inpatient,33.506156,-86.801917
885,PSYCHOSES,STRINGFELLOW MEMORIAL HOSPITAL,301 EAST 18TH ST,ANNISTON,AL,36201,AL - Birmingham,11,14154.54545,4686.454545,Inpatient,33.667653,-85.824702
885,PSYCHOSES,GADSDEN REGIONAL MEDICAL CENTER,1007 GOODYEAR AVENUE,GADSDEN,AL,35903,AL - Birmingham,119,39277.06723,5128.436975,Inpatient,34.0094,-85.967714
885,PSYCHOSES,NORTHEAST ALABAMA REGIONAL MED CENTER,400 EAST 10TH STREET,ANNISTON,AL,36207,AL - Birmingham,12,13107,4871.083333,Inpatient,33.6571,-85.823527
885,PSYCHOSES,DECATUR GENERAL HOSPITAL,1201 7TH STREET SE,DECATUR,AL,35609,AL - Huntsville,236,9930.838983,4986.834746,Inpatient,34.59118,-86.97258
885,PSYCHOSES,D C H REGIONAL MEDICAL CENTER,809 UNIVERSITY BOULEVARD EAST,TUSCALOOSA,AL,35401,AL - Tuscaloosa,38,18125.89474,5505.131579,Inpatient,33.2062,-87.525482
885,PSYCHOSES,TRINITY MEDICAL CENTER,800 MONTCLAIR RD,BIRMINGHAM,AL,35213,AL - Birmingham,228,35241.60526,6163.482456,Inpatient,33.515308,-86.746689
885,PSYCHOSES,MOBILE INFIRMARY,5 MOBILE INFIRMARY CIRCLE,MOBILE,AL,36652,AL - Mobile,12,15418.16667,4855,Inpatient,30.69602,-88.080101
885,PSYCHOSES,"MEDICAL WEST, AN AFFILIATE OF UAB HEALTH SYSTEM",995 9TH AVENUE SOUTHWEST,BESSEMER,AL,35021,AL - Birmingham,11,16315.90909,5012.727273,Inpatient,33.37294,-86.991852
885,PSYCHOSES,CRESTWOOD MEDICAL CENTER,ONE HOSPITAL DR SE,HUNTSVILLE,AL,35801,AL - Huntsville,82,15547.86585,4642.682927,Inpatient,34.692822,-86.572456
885,PSYCHOSES,BROOKWOOD MEDICAL CENTER,2010 BROOKWOOD MEDICAL CENTER DRIVE,BIRMINGHAM,AL,35209,AL - Birmingham,18,47264.77778,4609,Inpatient,33.463039,-86.77655
885,PSYCHOSES,PROVIDENCE ALASKA MEDICAL CENTER,BOX 196604,ANCHORAGE,AK,99519,AK - Anchorage,57,44884.57895,8387.77193,Inpatient,61.10894,-149.267266
885,PSYCHOSES,FAIRBANKS MEMORIAL HOSPITAL,1650 COWLES STREET,FAIRBANKS,AK,99701,AK - Anchorage,81,30892.18519,13035.79012,Inpatient,64.832875,-147.736434
885,PSYCHOSES,BANNER DEL E WEBB MEDICAL CENTER,14502 WEST MEEKER BOULEVARD,SUN CITY WEST,AZ,85375,AZ - Sun City,11,32548.36364,5819,Inpatient,33.658299,-112.372002
885,PSYCHOSES,"UNIVERSITY OF ARIZONA MEDICAL CTR- SOUTH CAM, THE",2800 EAST AJO WAY,TUCSON,AZ,85713,AZ - Tucson,268,14455.20522,8178.891791,Inpatient,32.17787,-110.930808
885,PSYCHOSES,ST VINCENT INFIRMARY MEDICAL CENTER,TWO ST VINCENT CIRCLE,LITTLE ROCK,AR,72205,AR - Little Rock,385,19180.96104,5339.350649,Inpatient,34.75177,-92.337448
885,PSYCHOSES,WHITE COUNTY MEDICAL CENTER,3214 EAST RACE AVENUE,SEARCY,AR,72143,AR - Little Rock,278,12892.23022,5080.971223,Inpatient,35.250407,-91.694233
885,PSYCHOSES,UAMS MEDICAL CENTER,4301 WEST MARKHAM STREET MAIL SLOT 612,LITTLE ROCK,AR,72205,AR - Little Rock,226,20463.32743,7195.159292,Inpatient,,
885,PSYCHOSES,ST BERNARDS MEDICAL CTR,225 E JACKSON,JONESBORO,AR,72401,AR - Jonesboro,240,6087.920833,5635.729167,Inpatient,35.83746,-90.7029
885,PSYCHOSES,"NW ARKANSAS HOSPITALS, LLC",609 WEST MAPLE AVENUE,SPRINGDALE,AR,72764,AR - Springdale,138,18859.51449,5191.876812,Inpatient,36.181389,-94.13665
885,PSYCHOSES,HOT SPRING COUNTY MEDICAL CENTER,1001 SCHNEIDER DRIVE,MALVERN,AR,72104,AR - Little Rock,11,6498.727273,5304.272727,Inpatient,34.360045,-92.7857
885,PSYCHOSES,SALINE MEMORIAL HOSPITAL,#1 MEDICAL PARK DRIVE,BENTON,AR,72015,AR - Little Rock,79,15089.26582,4968.278481,Inpatient,34.572689,-92.585251
885,PSYCHOSES,BAPTIST HEALTH MEDICAL CENTER-LITTLE ROCK,"9601 INTERSTATE 630, EXIT 7",LITTLE ROCK,AR,72205,AR - Little Rock,277,10663.18773,5141.129964,Inpatient,34.722361,-92.325207
885,PSYCHOSES,ST ROSE HOSPITAL,27200 CALAROGA AVE,HAYWARD,CA,94545,CA - Alameda County,15,52002.2,9965,Inpatient,37.633129,-122.089783
885,PSYCHOSES,ST HELENA HOSPITAL,10 WOODLAND ROAD,SAINT HELENA,CA,94574,CA - Napa,35,57207.37143,8716.714286,Inpatient,38.542179,-122.475403
885,PSYCHOSES,PARADISE VALLEY HOSPITAL,2400 EAST FOURTH STREET,NATIONAL CITY,CA,91950,CA - San Diego,1696,33469.0395,8192.840802,Inpatient,32.686371,-117.083054
885,PSYCHOSES,GROSSMONT HOSPITAL,5555 GROSSMONT CENTER DRIVE BOX 58,LA MESA,CA,91942,CA - San Diego,11,40605.81818,6648.636364,Inpatient,32.7798,-117.009529
885,PSYCHOSES,ENLOE MEDICAL CENTER,1531 ESPLANADE,CHICO,CA,95926,CA - Chico,363,32685.54545,6403.515152,Inpatient,39.742258,-121.849139
885,PSYCHOSES,ALTA BATES SUMMIT MEDICAL CENTER,350 HAWTHORNE AVENUE,OAKLAND,CA,94609,CA - Alameda County,11,34428.72727,8811,Inpatient,37.82076,-122.26308
885,PSYCHOSES,ANTELOPE VALLEY HOSPITAL MED CENTER,1600 W AVE J,LANCASTER,CA,93534,CA - Los Angeles,113,13243.53982,7552.690265,Inpatient,34.689419,-118.158493
885,PSYCHOSES,COMMUNITY REGIONAL MEDICAL CENTER,2823 FRESNO STREET,FRESNO,CA,93715,CA - Fresno,539,24182.32096,9226.053803,Inpatient,36.742168,-119.783669
885,PSYCHOSES,SCRIPPS MERCY HOSPITAL,4077 5TH AVE,SAN DIEGO,CA,92103,CA - San Diego,11,29420.81818,8016.818182,Inpatient,32.751647,-117.160848
885,PSYCHOSES,SAINT AGNES MEDICAL CENTER,1303 E HERNDON AVE,FRESNO,CA,93710,CA - Fresno,11,26768,6625.363636,Inpatient,36.837082,-119.766261
885,PSYCHOSES,WHITE MEMORIAL MEDICAL CENTER,1720 E CESAR AVENUE,LOS ANGELES,CA,90033,CA - Los Angeles,363,26883.51791,10027.19284,Inpatient,33.788479,-118.195053
885,PSYCHOSES,SAINT FRANCIS MEDICAL CENTER,3630 EAST IMPERIAL HIGHWAY,LYNWOOD,CA,90262,CA - Los Angeles,377,18125.80371,10093.62599,Inpatient,33.930881,-118.204163
885,PSYCHOSES,SUTTER GENERAL HOSPITAL,2801 L STREET,SACRAMENTO,CA,95816,CA - Sacramento,23,22126.78261,7904.956522,Inpatient,38.57148,-121.469498
885,PSYCHOSES,PALOMAR MEDICAL CENTER,555 E VALLEY PARKWAY,ESCONDIDO,CA,92025,CA - San Diego,199,20508.63317,6321.236181,Inpatient,33.12591,-117.07627
885,PSYCHOSES,HOLLYWOOD COMMUNITY HOSPITAL OF HOLLYWOOD,6245 DE LONGPRE AVE,HOLLYWOOD,CA,90028,CA - Los Angeles,1050,11547.51429,9056.666667,Inpatient,34.09618,-118.325104
885,PSYCHOSES,DOMINICAN HOSPITAL,1555 SOQUEL DRIVE,SANTA CRUZ,CA,95065,CA - Santa Cruz,244,59036.5123,8418.459016,Inpatient,36.9883,-121.983971
885,PSYCHOSES,ARROWHEAD REGIONAL MEDICAL CENTER,400 NORTH PEPPER AVENUE,COLTON,CA,92324,CA - San Bernardino,17,24861.94118,11933.70588,Inpatient,34.072012,-117.35282
885,PSYCHOSES,NATIVIDAD MEDICAL CENTER,1441 CONSTITUTION BOULEVARD,SALINAS,CA,93906,CA - Salinas,133,38953.1203,12753.27068,Inpatient,36.697255,-121.628825
885,PSYCHOSES,GOOD SAMARITAN HOSPITAL,901 OLIVE DRIVE,BAKERSFIELD,CA,93308,CA - Bakersfield,493,18363.6856,8743.440162,Inpatient,35.412281,-119.039711
885,PSYCHOSES,CONTRA COSTA REGIONAL MEDICAL CENTER,2500 ALHAMBRA AVE,MARTINEZ,CA,94553,CA - Contra Costa County,12,26860.58333,17724,Inpatient,38.006352,-122.13092
885,PSYCHOSES,PACIFIC HOSPITAL OF LONG BEACH,2776 PACIFIC AVE,LONG BEACH,CA,90806,CA - Los Angeles,818,19612.17726,9493.292176,Inpatient,33.807301,-118.193672
885,PSYCHOSES,RIVERSIDE COUNTY REGIONAL MEDICAL CENTER,26520 CACTUS AVENUE,MORENO VALLEY,CA,92555,CA - San Bernardino,396,25379.92172,8936.873737,Inpatient,33.910111,-117.194008
885,PSYCHOSES,KERN MEDICAL CENTER,1700 MOUNT VERNON AVENUE,BAKERSFIELD,CA,93306,CA - Bakersfield,178,35154.94382,12131.60112,Inpatient,35.379951,-118.96754
885,PSYCHOSES,MARIN GENERAL HOSPITAL,"250 BON AIR ROAD, PO BOX 8010",GREENBRAE,CA,94904,CA - San Francisco,47,78034.53191,8024.638298,Inpatient,,
885,PSYCHOSES,LAC+USC MEDICAL CENTER,1200 N STATE ST,LOS ANGELES,CA,90033,CA - Los Angeles,12,144522.6667,25270.16667,Inpatient,34.05983,-118.210342
885,PSYCHOSES,PACIFICA HOSPITAL OF THE VALLEY,9449 SAN FERNANDO RD,SUN VALLEY,CA,91352,CA - Los Angeles,418,14833.47847,9622.035885,Inpatient,34.24089,-118.395401
885,PSYCHOSES,GOOD SAMARITAN HOSPITAL,2425 SAMARITAN DRIVE,SAN JOSE,CA,95124,CA - San Jose,11,59783.27273,13277.81818,Inpatient,37.251091,-121.947907
885,PSYCHOSES,CITRUS VALLEY MEDICAL CENTER-IC CAMPUS,210 W SAN BERNARDINO ROAD,COVINA,CA,91723,CA - Los Angeles,208,9637.043269,8273,Inpatient,34.09006,-117.892057
885,PSYCHOSES,SANTA BARBARA COTTAGE HOSPITAL,400 WEST PUEBLO,SANTA BARBARA,CA,93102,CA - Santa Barbara,177,19259.01695,6954.118644,Inpatient,34.42795,-119.756382
885,PSYCHOSES,HUNTINGTON MEMORIAL HOSPITAL,100 W CALIFORNIA BLVD,PASADENA,CA,91109,CA - Los Angeles,11,27942.72727,6850.181818,Inpatient,34.13577,-118.15238
885,PSYCHOSES,LONG BEACH MEMORIAL MEDICAL CENTER,2801 ATLANTIC AVE,LONG BEACH,CA,90806,CA - Los Angeles,15,38036,7277.733333,Inpatient,33.808071,-118.185028
885,PSYCHOSES,EDEN MEDICAL CENTER,20103 LAKE CHABOT ROAD,CASTRO VALLEY,CA,94546,CA - Alameda County,11,33647.18182,8176.909091,Inpatient,37.698051,-122.087243
885,PSYCHOSES,MERCY SAN JUAN MEDICAL CENTER,6501 COYLE AVE,CARMICHAEL,CA,95608,CA - Sacramento,34,38658.61765,7752.117647,Inpatient,38.668041,-121.313698
885,PSYCHOSES,BELLFLOWER MEDICAL CENTER,9542 E ARTESIA BLVD,BELLFLOWER,CA,90706,CA - Los Angeles,292,22589.80137,8608.506849,Inpatient,33.874748,-118.129448
885,PSYCHOSES,COLLEGE HOSPITAL COSTA MESA,301 VICTORIA STREET,COSTA MESA,CA,92627,CA - Orange County,179,31164.00559,9885.27933,Inpatient,33.652618,-117.912033
885,PSYCHOSES,MISSION HOSPITAL REGIONAL MED CENTER,27700 MEDICAL CENTER RD,MISSION VIEJO,CA,92691,CA - Orange County,11,35507.36364,6014.727273,Inpatient,33.560822,-117.666893
885,PSYCHOSES,FOUNTAIN VALLEY REGIONAL HOSPITAL & MEDICAL CENTER,17100 EUCLID STREET,FOUNTAIN VALLEY,CA,92708,CA - Orange County,13,40832.53846,8396.615385,Inpatient,33.715031,-117.937019
885,PSYCHOSES,UNIVERSITY OF CALIFORNIA DAVIS MEDICAL CENTER,2315 STOCKTON BOULEVARD,SACRAMENTO,CA,95817,CA - Sacramento,11,86670.72727,11817.81818,Inpatient,38.554329,-121.45752
885,PSYCHOSES,CEDARS-SINAI MEDICAL CENTER,8700 BEVERLY BLVD,LOS ANGELES,CA,90048,CA - Los Angeles,20,67777.05,8923.85,Inpatient,34.07683,-118.380648
885,PSYCHOSES,LOS ANGELES METROPOLITAN MEDICAL CTR,2231 S WESTERN AVE,LOS ANGELES,CA,90018,CA - Los Angeles,539,23318.06122,8729.87013,Inpatient,34.035789,-118.308998
885,PSYCHOSES,LOS ANGELES COMMUNITY HOSPITAL,4081 E OLYMPIC BLVD,LOS ANGELES,CA,90023,CA - Los Angeles,37,13234.40541,8592.216216,Inpatient,34.01889,-118.186729
885,PSYCHOSES,MISSION COMMUNITY HOSPITAL - PANORAMA,14850 ROSCOE BLVD,PANORAMA CITY,CA,91402,CA - Los Angeles,883,11601.30238,8544,Inpatient,34.221481,-118.45652
885,PSYCHOSES,BROTMAN MEDICAL CENTER,3828 DELMAS TERRACE,CULVER CITY,CA,90231,CA - Los Angeles,12,24959.91667,6942,Inpatient,34.02306,-118.397217
885,PSYCHOSES,SILVER LAKE MEDICAL CENTER,1711 WEST TEMPLE STREET,LOS ANGELES,CA,90026,CA - Los Angeles,863,29788.75666,10000.07879,Inpatient,34.068746,-118.263393
885,PSYCHOSES,ANAHEIM GENERAL HOSPITAL,3350 W BALL ROAD,ANAHEIM,CA,92804,CA - Orange County,82,24459.19512,5720.829268,Inpatient,33.817291,-118.007202
885,PSYCHOSES,POUDRE VALLEY HOSPITAL,1024 S LEMAY AVE,FORT COLLINS,CO,80524,CO - Fort Collins,33,10272.84848,5186.242424,Inpatient,40.571751,-105.0579
885,PSYCHOSES,CENTURA HEALTH-PENROSE ST FRANCIS HEALTH SERVICES,2222 N NEVADA AVE,COLORADO SPRING,CO,80907,CO - Colorado Springs,19,19096.84211,5292.157895,Inpatient,38.865528,-104.820129
885,PSYCHOSES,LAWRENCE & MEMORIAL HOSPITAL,365 MONTAUK AVE,NEW LONDON,CT,6320,CT - New Haven,12,11511.83333,6293.916667,Inpatient,41.33628,-72.102913
885,PSYCHOSES,YALE-NEW HAVEN HOSPITAL,20 YORK ST,NEW HAVEN,CT,6504,CT - New Haven,12,26767.25,10184.41667,Inpatient,41.30447,-72.934477
885,PSYCHOSES,"CHRISTIANA CARE HEALTH SERVICES, INC.",4755 OGLETOWN-STANTON ROAD,NEWARK,DE,19718,DE - Wilmington,32,15189.8125,7009.375,Inpatient,39.690844,-75.671677
885,PSYCHOSES,HOWARD UNIVERSITY HOSPITAL,2041 GEORGIA AVE NW,WASHINGTON,DC,20060,DC - Washington,112,12051.48214,12134.80357,Inpatient,38.916856,-77.02189
885,PSYCHOSES,PROVIDENCE HOSPITAL,1150 VARNUM ST NE,WASHINGTON,DC,20017,DC - Washington,204,13448.31373,8112.568627,Inpatient,38.942871,-76.99115
885,PSYCHOSES,WASHINGTON HOSPITAL CENTER,110 IRVING ST NW,WASHINGTON,DC,20010,DC - Washington,44,25219.31818,8767.636364,Inpatient,38.930881,-77.015861
885,PSYCHOSES,SHANDS JACKSONVILLE MEDICAL CENTER,655 W 8TH ST,JACKSONVILLE,FL,32209,FL - Jacksonville,622,13975.74598,8935.713826,Inpatient,30.346811,-81.664569
885,PSYCHOSES,ORLANDO HEALTH,1414 S KUHL AVE,ORLANDO,FL,32806,FL - Orlando,25,19293.32,6087.8,Inpatient,28.52599,-81.378128
885,PSYCHOSES,FLORIDA HOSPITAL,601 E ROLLINS ST,ORLANDO,FL,32803,FL - Orlando,100,19398.51,5782.56,Inpatient,28.57312,-81.369789
885,PSYCHOSES,UNIVERSITY OF MIAMI HOSPITAL,1400 NW 12TH AVE,MIAMI,FL,33136,FL - Miami,1113,22075.21294,7109.277628,Inpatient,25.78771,-80.215057
885,PSYCHOSES,LEE MEMORIAL HOSPITAL,2776 CLEVELAND AVE,FORT MYERS,FL,33901,FL - Fort Myers,59,13564.57627,5698.694915,Inpatient,26.626573,-81.87229
885,PSYCHOSES,NAPLES COMMUNITY HOSPITAL,350 7TH ST N,NAPLES,FL,34102,FL - Fort Myers,67,16902.04478,5525.119403,Inpatient,26.15025,-81.799423
885,PSYCHOSES,HOLMES REGIONAL MEDICAL CENTER,1350 S HICKORY ST,MELBOURNE,FL,32901,FL - Orlando,18,17258.5,4837,Inpatient,28.0888,-80.613533
885,PSYCHOSES,JACKSON MEMORIAL HOSPITAL,1611 NW 12TH AVE,MIAMI,FL,33136,FL - Miami,356,12249.22753,13430.02809,Inpatient,25.790662,-80.214941
885,PSYCHOSES,NORTH SHORE MEDICAL CENTER,1100 NW 95TH ST,MIAMI,FL,33150,FL - Miami,1328,25631.31702,6736.673193,Inpatient,25.861685,-80.214231
885,PSYCHOSES,HEALTH CENTRAL,10000 W COLONIAL DR,OCOEE,FL,34761,FL - Orlando,14,14958.35714,5528.571429,Inpatient,28.551729,-81.527328
885,PSYCHOSES,MOUNT SINAI MEDICAL CENTER,4300 ALTON RD,MIAMI BEACH,FL,33140,FL - Miami,11,21306.81818,7224.090909,Inpatient,25.81315,-80.139267
885,PSYCHOSES,BROWARD HEALTH BROWARD GENERAL MEDICAL CENTER,1600 S ANDREWS AVE,FORT LAUDERDALE,FL,33316,FL - Fort Lauderdale,12,13598.91667,7587.333333,Inpatient,26.10084,-80.14209
885,PSYCHOSES,WINTER HAVEN HOSPITAL,200 AVE F NE,WINTER HAVEN,FL,33881,FL - Orlando,419,18323.71838,5194.942721,Inpatient,28.027691,-81.72599
885,PSYCHOSES,MUNROE REGIONAL MEDICAL CENTER,1500 SW 1ST AVE,OCALA,FL,34474,FL - Ocala,11,18431.09091,4831.636364,Inpatient,29.173889,-82.137878
885,PSYCHOSES,MORTON PLANT NORTH BAY HOSPITAL,6600 MADISON STREET,NEW PORT RICHEY,FL,34652,FL - Hudson,283,11591.12721,4739.081272,Inpatient,28.254141,-82.715462
885,PSYCHOSES,ST ANTHONY'S HOSPITAL,1200 7TH AVENUE NORTH,SAINT PETERSBUR,FL,33705,FL - St. Petersburg,745,16728.89396,5035.162416,Inpatient,27.77933,-82.650923
885,PSYCHOSES,ST JOSEPH'S HOSPITAL,3001 W MARTIN LUTHER KING JR BLVD,TAMPA,FL,33677,FL - Tampa,459,19321.3159,5949.11329,Inpatient,27.98147,-82.42629
885,PSYCHOSES,JFK MEDICAL CENTER,5301 S CONGRESS AVE,ATLANTIS,FL,33462,FL - Fort Lauderdale,21,23860.28571,5986.095238,Inpatient,26.596968,-80.091248
885,PSYCHOSES,BAPTIST MEDICAL CENTER,800 PRUDENTIAL DR,JACKSONVILLE,FL,32207,FL - Jacksonville,23,22904.43478,5722.73913,Inpatient,30.31629,-81.663986
885,PSYCHOSES,FLAGLER HOSPITAL,400 HEALTH PARK BLVD,SAINT AUGUSTINE,FL,32086,FL - Jacksonville,194,14718.44845,5987.494845,Inpatient,29.862591,-81.319489
885,PSYCHOSES,WUESTHOFF MEDICAL CENTER ROCKLEDGE,110 LONGWOOD AVE,ROCKLEDGE,FL,32955,FL - Orlando,27,8760.074074,4781.666667,Inpatient,28.334499,-80.722679
885,PSYCHOSES,INDIAN RIVER MEDICAL CENTER,1000 36TH ST,VERO BEACH,FL,32960,FL - Orlando,17,9168.882353,6037.176471,Inpatient,27.65761,-80.394353
885,PSYCHOSES,FLORIDA HOSPITAL HEARTLAND MEDICAL CENTER,4200 SUN N' LAKE BLVD,SEBRING,FL,33871,FL - Orlando,16,15017.9375,5209.25,Inpatient,27.539,-81.505928
885,PSYCHOSES,SHANDS HOSPITAL AT THE UNIVERSITY OF FLORIDA,1600 SW ARCHER RD,GAINESVILLE,FL,32610,FL - Gainesville,29,27616,10427.48276,Inpatient,29.63941,-82.342781
885,PSYCHOSES,MORTON PLANT HOSPITAL,300 PINELLAS ST,CLEARWATER,FL,33756,FL - Clearwater,331,14152.51964,5246.537764,Inpatient,27.95183,-82.803608
885,PSYCHOSES,DOCTORS HOSPITAL OF SARASOTA,5731 BEE RIDGE RD,SARASOTA,FL,34233,FL - Sarasota,19,19572.31579,5170,Inpatient,27.29896,-82.454849
885,PSYCHOSES,MEMORIAL HOSPITAL JACKSONVILLE,3625 UNIVERSITY BLVD S,JACKSONVILLE,FL,32216,FL - Jacksonville,16,56109.6875,5374.25,Inpatient,30.28849,-81.602318
885,PSYCHOSES,LARKIN COMMUNITY HOSPITAL,7031 SW 62ND AVE,SOUTH MIAMI,FL,33143,FL - Miami,1116,23001.63262,7521.304659,Inpatient,25.705311,-80.293457
885,PSYCHOSES,PALMETTO GENERAL HOSPITAL,2001 W 68TH ST,HIALEAH,FL,33016,FL - Miami,583,28283.24357,7425.236707,Inpatient,25.884121,-80.326714
885,PSYCHOSES,MEDICAL CENTER OF TRINITY,9330 SR 54,TRINITY,FL,34655,FL - Hudson,18,44399.11111,6541.666667,Inpatient,28.206011,-82.660988
885,PSYCHOSES,GULF COAST MEDICAL CENTER LEE MEM HEALTH SYSTEM,13681 DOCTOR'S WAY,FORT MYERS,FL,33912,FL - Fort Myers,30,15543.06667,5118.4,Inpatient,26.544375,-81.851659
885,PSYCHOSES,UNIVERSITY HOSPITAL AND MEDICAL CENTER,7201 N UNIVERSITY DR,TAMARAC,FL,33321,FL - Fort Lauderdale,22,40594,5171.954545,Inpatient,26.211849,-80.252541
885,PSYCHOSES,ORANGE PARK MEDICAL CENTER,2001 KINGSLEY AVE,ORANGE PARK,FL,32073,FL - Jacksonville,16,28497.4375,5417.625,Inpatient,30.16478,-81.737938
885,PSYCHOSES,FAWCETT MEMORIAL HOSPITAL,21298 OLEAN BLVD,PORT CHARLOTTE,FL,33952,FL - Fort Myers,14,28288.64286,4812,Inpatient,26.98782,-82.098312
885,PSYCHOSES,CAPE CORAL HOSPITAL,636 DEL PRADO BLVD,CAPE CORAL,FL,33990,FL - Fort Myers,27,12036.74074,4791.444444,Inpatient,,
885,PSYCHOSES,LAWNWOOD REGIONAL MEDICAL CENTER & HEART INSTITUTE,1700 S 23RD ST,FORT PIERCE,FL,34950,FL - Orlando,16,31581.0625,7927,Inpatient,27.43177,-80.347351
885,PSYCHOSES,LARGO MEDICAL CENTER,201 14TH ST SW,LARGO,FL,33770,FL - Clearwater,31,27722.96774,6657.548387,Inpatient,27.914471,-82.802673
885,PSYCHOSES,TOWN & COUNTRY HOSPITAL,6001 WEBB RD,TAMPA,FL,33615,FL - Tampa,14,19620.21429,5208.714286,Inpatient,28.00238,-82.575149
885,PSYCHOSES,ST LUCIE MEDICAL CENTER,1800 SE TIFFANY AVE,PORT SAINT LUCI,FL,34952,FL - Fort Lauderdale,26,31384.11538,6808.269231,Inpatient,27.28915,-80.295479
885,PSYCHOSES,WESTCHESTER GENERAL HOSPITAL,2500 SW 75TH AVE,MIAMI,FL,33155,FL - Miami,489,12874.25767,8702.703476,Inpatient,25.747101,-80.31723
885,PSYCHOSES,TANNER MEDICAL CENTER VILLA RICA,601 DALLAS HIGHWAY,VILLA RICA,GA,30180,GA - Atlanta,25,6671.64,5509.32,Inpatient,33.74425,-84.9187
885,PSYCHOSES,MEDICAL COLLEGE OF GA HOSPITALS AND CLINICS,1120 15TH STREET,AUGUSTA,GA,30912,GA - Augusta,234,13766.85043,8545.457265,Inpatient,,
885,PSYCHOSES,WELLSTAR KENNESTONE HOSPITAL,677 CHURCH STREET,MARIETTA,GA,30060,GA - Atlanta,11,22654.72727,9075.818182,Inpatient,,
885,PSYCHOSES,"MEMORIAL HEALTH UNIV MED CEN, INC",4700 WATERS AVENUE,SAVANNAH,GA,31403,GA - Savannah,232,19399.52586,6700.982759,Inpatient,32.03233,-81.091614
885,PSYCHOSES,JOHN D ARCHBOLD MEMORIAL HOSPITAL,915 GORDON AVENUE & MIMOSA DRIVE,THOMASVILLE,GA,31792,FL - Tallahassee,124,9137.620968,5095.354839,Inpatient,30.82612,-83.97393
885,PSYCHOSES,HOUSTON MEDICAL CENTER,1601 WATSON BOULEVARD,WARNER ROBINS,GA,31093,GA - Macon,124,16081.34677,5379.008065,Inpatient,32.61821,-83.630341
885,PSYCHOSES,DEKALB MEDICAL CENTER,2701 N DECATUR ROAD,DECATUR,GA,30033,GA - Atlanta,25,8065.64,6060.16,Inpatient,33.792,-84.283623
885,PSYCHOSES,GRADY MEMORIAL HOSPITAL,"80 JESSE HILL, JR DRIVE SE",ATLANTA,GA,30303,GA - Atlanta,70,17754.54286,8421.914286,Inpatient,33.751647,-84.383162
885,PSYCHOSES,"ST FRANCIS HOSPITAL, INC",2122 MANCHESTER EXPRESSWAY,COLUMBUS,GA,31995,GA - Columbus,147,10562.84354,4923.510204,Inpatient,32.506901,-84.960663
885,PSYCHOSES,EMORY EASTSIDE MEDICAL CENTER,1700 MEDICAL WAY,SNELLVILLE,GA,30078,GA - Atlanta,16,27790.6875,8298.6875,Inpatient,33.877386,-84.01959
885,PSYCHOSES,SOUTH FULTON MEDICAL CENTER,1170 CLEVELAND AVENUE,EAST POINT,GA,30344,GA - Atlanta,175,16169.46857,6434.64,Inpatient,33.681431,-84.426903
885,PSYCHOSES,THE QUEENS MEDICAL CENTER,1301 PUNCHBOWL ST,HONOLULU,HI,96813,HI - Honolulu,148,17028.59459,8117.121622,Inpatient,21.30756,-157.855225
885,PSYCHOSES,MAUI MEMORIAL MEDICAL CENTER,221 MAHALANI STREET,WAILUKU,HI,96793,HI - Honolulu,41,10839.41463,11535,Inpatient,20.884121,-156.488663
885,PSYCHOSES,HILO MEDICAL CENTER,1190 WAIANUENUE AVENUE,HILO,HI,96720,HI - Honolulu,121,14980.28099,9408.008264,Inpatient,19.717501,-155.112976
885,PSYCHOSES,CASTLE MEDICAL CENTER,640 ULUKAHIKI ST,KAILUA,HI,96734,HI - Honolulu,200,17424.54,7325.8,Inpatient,21.38143,-157.757095
885,PSYCHOSES,ST ALPHONSUS REGIONAL MEDICAL CENTER,1055 NORTH CURTIS ROAD,BOISE,ID,83706,ID - Boise,230,14384.75652,5749.643478,Inpatient,43.61393,-116.253647
885,PSYCHOSES,WEST VALLEY MEDICAL CENTER,1717 ARLINGTON STREET,CALDWELL,ID,83605,ID - Boise,146,13250.54795,5753.431507,Inpatient,43.654369,-116.695618
885,PSYCHOSES,KOOTENAI MEDICAL CENTER,2003 KOOTENAI HEALTH WAY,COEUR D'ALENE,ID,83814,WA - Spokane,194,14524.79897,5622.639175,Inpatient,47.695541,-116.792877
885,PSYCHOSES,PROVENA ST JOSEPH MEDICAL CENTER,333 N MADISON,JOLIET,IL,60435,IL - Joliet,148,21424.98649,5597.804054,Inpatient,41.528075,-88.13462
885,PSYCHOSES,EVANSTON HOSPITAL,2650 RIDGE AVE,EVANSTON,IL,60201,IL - Evanston,12,18712,6258.75,Inpatient,42.06543,-87.68324
885,PSYCHOSES,BLESSING HOSPITAL,BROADWAY AT 11TH STREET,QUINCY,IL,62301,IL - Springfield,37,12820.7027,6412.189189,Inpatient,39.935619,-91.398331
885,PSYCHOSES,MT SINAI HOSPITAL MEDICAL CENTER,15TH STREET AT CALIFORNIA,CHICAGO,IL,60608,IL - Chicago,11,11237.54545,8952.454545,Inpatient,41.86013,-87.695702
885,PSYCHOSES,SHERMAN HOSPITAL,1425 NORTH RANDALL ROAD,ELGIN,IL,60123,IL - Elgin,11,16255,5725.545455,Inpatient,42.070709,-88.335426
885,PSYCHOSES,MACNEAL HOSPITAL,3249 SOUTH OAK PARK AVENUE,BERWYN,IL,60402,IL - Melrose Park,57,16479.26316,7125.017544,Inpatient,41.832195,-87.792779
885,PSYCHOSES,PALOS COMMUNITY HOSPITAL,12251 SOUTH 80TH AVENUE,PALOS HEIGHTS,IL,60463,IL - Blue Island,22,26386.77273,8532.045455,Inpatient,41.668383,-87.815912
885,PSYCHOSES,SAINT FRANCIS MEDICAL CENTER,530 NE GLEN OAK AVE,PEORIA,IL,61637,IL - Peoria,14,17649.5,5974.5,Inpatient,40.702276,-89.590943
885,PSYCHOSES,TOUCHETTE REGIONAL HOSPITAL INC,5900 BOND AVENUE,CENTREVILLE,IL,62207,MO - St. Louis,130,6275.469231,6908.676923,Inpatient,38.5709,-90.107208
885,PSYCHOSES,LOUIS A WEISS MEMORIAL HOSPITAL,4646 N MARINE DRIVE,CHICAGO,IL,60640,IL - Chicago,18,22210.22222,7671.222222,Inpatient,41.966358,-87.648786
885,PSYCHOSES,LORETTO HOSPITAL,645 SOUTH CENTRAL AVE,CHICAGO,IL,60644,IL - Chicago,1028,9728.163424,7721.309339,Inpatient,41.872401,-87.76459
885,PSYCHOSES,PROVENA COVENANT MEDICAL CENTER- URBANA,1400 WEST PARK AVENUE,URBANA,IL,61801,IL - Urbana,168,14250.80357,5754.446429,Inpatient,40.117389,-88.227326
885,PSYCHOSES,THOREK MEMORIAL HOSPITAL,850 W IRVING PARK RD,CHICAGO,IL,60613,IL - Chicago,302,12221.53311,7225.596026,Inpatient,,
885,PSYCHOSES,HINSDALE HOSPITAL,120 NORTH OAK ST,HINSDALE,IL,60521,IL - Hinsdale,13,15543.69231,9681,Inpatient,41.805489,-87.920067
885,PSYCHOSES,JOHN H STROGER JR HOSPITAL,1901 W HARRISON ST,CHICAGO,IL,60612,IL - Chicago,11,10741.72727,9293.090909,Inpatient,41.874088,-87.674233
885,PSYCHOSES,GATEWAY REGIONAL MEDICAL CENTER,2100 MADISON AVENUE,GRANITE CITY,IL,62040,MO - St. Louis,284,33601.91901,6202.510563,Inpatient,38.701401,-90.14431
885,PSYCHOSES,BROMENN HEALTHCARE,1304 FRANKLIN AVENUE,NORMAL,IL,61761,IL - Bloomington,102,10437.96078,5967.656863,Inpatient,40.49736,-88.990889
885,PSYCHOSES,MEMORIAL MEDICAL CENTER,701 N FIRST ST,SPRINGFIELD,IL,62781,IL - Springfield,13,14946.76923,5653.615385,Inpatient,39.8087,-89.65467
885,PSYCHOSES,PROVENA ST MARYS HOSPITAL,500 W COURT ST,KANKAKEE,IL,60901,IL - Joliet,209,16860.85167,5835.449761,Inpatient,41.12117,-87.871773
885,PSYCHOSES,ST MARYS HOSPITAL,1800 E LAKE SHORE DR,DECATUR,IL,62521,IL - Springfield,306,9515.539216,5782.849673,Inpatient,39.826349,-88.931837
885,PSYCHOSES,FRANCISCAN ST JAMES HEALTH,20201 S CRAWFORD AVENUE,OLYMPIA FIELDS,IL,60461,IL - Blue Island,17,12647.70588,6366.470588,Inpatient,41.522388,-87.71325
885,PSYCHOSES,JACKSON PARK HOSPITAL,7531 S STONY ISLAND AVE,CHICAGO,IL,60649,IL - Chicago,677,13137.18907,8191.812408,Inpatient,41.757692,-87.58572
885,PSYCHOSES,ST MARY & ELIZABETH MED CTR-DIVISION CAMPUS,2233 W DIVISION ST,CHICAGO,IL,60622,IL - Chicago,1487,20178.4304,8165.691997,Inpatient,41.90306,-87.683067
885,PSYCHOSES,ADVOCATE ILLINOIS MASONIC MEDICAL CENTER,836 WEST WELLINGTON AVENUE,CHICAGO,IL,60657,IL - Chicago,29,21676.93103,10077.89655,Inpatient,41.93632,-87.65056
885,PSYCHOSES,RIVERSIDE MEDICAL CENTER,350 N WALL ST,KANKAKEE,IL,60901,IL - Joliet,217,16421.68203,6309.364055,Inpatient,41.12371,-87.882385
885,PSYCHOSES,ST ELIZABETH HOSPITAL,211 S THIRD ST,BELLEVILLE,IL,62220,MO - St. Louis,222,9972.427928,5147.5,Inpatient,38.511341,-89.988197
885,PSYCHOSES,INGALLS MEMORIAL HOSPITAL,ONE INGALLS DRIVE,HARVEY,IL,60426,IL - Blue Island,284,14204.09155,5955.373239,Inpatient,41.60664,-87.659477
885,PSYCHOSES,METHODIST HOSPITAL OF CHICAGO,5025 N PAULINA STREET,CHICAGO,IL,60640,IL - Chicago,1264,9269.384494,7258.842563,Inpatient,41.972775,-87.671109
885,PSYCHOSES,NORWEGIAN-AMERICAN HOSPITAL,1044 N FRANCISCO AVE,CHICAGO,IL,60622,IL - Chicago,402,14313.25124,8315.748756,Inpatient,41.899814,-87.699259
885,PSYCHOSES,PROVENA - SAINT JOSEPH HOSPITAL,77 N AIRLITE STREET,ELGIN,IL,60123,IL - Elgin,247,28280.24696,5480.08502,Inpatient,42.035339,-88.328651
885,PSYCHOSES,SWEDISH AMERICAN HOSPITAL,1401 EAST STATE STREET,ROCKFORD,IL,61104,IL - Rockford,14,18225.78571,5932.285714,Inpatient,42.266941,-89.073517
885,PSYCHOSES,EDWARD HOSPITAL,801 SOUTH WASHINGTON,NAPERVILLE,IL,60540,IL - Hinsdale,12,19503.33333,5236.416667,Inpatient,41.76075,-88.14888
885,PSYCHOSES,ADVOCATE SOUTH SUBURBAN HOSPITAL,17800 S KEDZIE AVE,HAZEL CREST,IL,60429,IL - Blue Island,12,13564.83333,5656.833333,Inpatient,41.565548,-87.69431
885,PSYCHOSES,ALEXIAN BROTHERS MEDICAL CENTER,800 W BIESTERFIELD RD,ELK GROVE VILLA,IL,60007,IL - Melrose Park,17,19355.41176,5249.235294,Inpatient,42.003422,-88.015152
885,PSYCHOSES,TRINITY ROCK ISLAND,2701 17TH ST,ROCK ISLAND,IL,61201,IA - Davenport,300,9525.543333,5158.45,Inpatient,41.483398,-90.572807
885,PSYCHOSES,NORTHWESTERN MEMORIAL HOSPITAL,251 E HURON ST,CHICAGO,IL,60611,IL - Chicago,15,28032.46667,12310.4,Inpatient,41.895,-87.62042
885,PSYCHOSES,ST ALEXIUS MEDICAL CENTER,1555 N BARRINGTON RD,HOFFMAN ESTATES,IL,60194,IL - Elgin,12,23052.08333,5644.333333,Inpatient,42.052148,-88.14451
885,PSYCHOSES,ADVENTIST GLENOAKS,701 WINTHROP AVENUE,GLENDALE HEIGHT,IL,60139,IL - Melrose Park,707,18298.96181,6777.295615,Inpatient,41.915161,-88.05854
885,PSYCHOSES,METHODIST HOSPITALS INC,600 GRANT ST,GARY,IN,46402,IN - Gary,154,10616.15584,6257.75974,Inpatient,41.599449,-87.356956
885,PSYCHOSES,INDIANA UNIVERSITY HEALTH LA PORTE HOSPITAL,1007 LINCOLNWAY,LA PORTE,IN,46350,IN - South Bend,27,19249.03704,4922.740741,Inpatient,41.610077,-86.723427
885,PSYCHOSES,HOWARD REGIONAL HEALTH SYSTEM,3500 S LAFOUNTAIN ST,KOKOMO,IN,46904,IN - Indianapolis,125,12056.192,4927.904,Inpatient,40.44688,-86.127113
885,PSYCHOSES,CLARK MEMORIAL HOSPITAL,1220 MISSOURI AVE,JEFFERSONVILLE,IN,47130,KY - Louisville,142,9846.640845,5245.302817,Inpatient,38.281879,-85.749924
885,PSYCHOSES,ST JOSEPH HOSPITAL & HEALTH CENTER INC,1907 W SYCAMORE ST,KOKOMO,IN,46904,IN - Indianapolis,27,9926.37037,5112.555556,Inpatient,40.487217,-86.155649
885,PSYCHOSES,UNION HOSPITAL INC,1606 N SEVENTH ST,TERRE HAUTE,IN,47804,IN - Terre Haute,17,12176.94118,5659.176471,Inpatient,39.485069,-87.407013
885,PSYCHOSES,WILLIAM N WISHARD MEMORIAL HOSPITAL,1001 W 10TH ST,INDIANAPOLIS,IN,46202,IN - Indianapolis,18,10167.77778,8600.111111,Inpatient,39.780912,-86.176569
885,PSYCHOSES,ST JOSEPH HOSPITAL,700 BROADWAY,FORT WAYNE,IN,46802,IN - Fort Wayne,65,13780.8,5989.353846,Inpatient,41.078417,-85.148732
885,PSYCHOSES,REID HOSPITAL & HEALTH CARE SERVICES,1100 REID PKWY,RICHMOND,IN,47374,IN - Indianapolis,75,6959.84,5922.586667,Inpatient,39.862869,-84.886032
885,PSYCHOSES,INDIANA UNIVERSITY HEALTH BLOOMINGTON HOSPITAL,601 W SECOND ST,BLOOMINGTON,IN,47403,IN - Indianapolis,217,12796.79724,5470.557604,Inpatient,39.1614,-86.540039
885,PSYCHOSES,INDIANA UNIVERSITY HEALTH,1701 N SENATE BLVD,INDIANAPOLIS,IN,46206,IN - Indianapolis,26,22591.5,12937.61538,Inpatient,39.789699,-86.165565
885,PSYCHOSES,MEMORIAL HOSPITAL OF SOUTH BEND,615 N MICHIGAN ST,SOUTH BEND,IN,46601,IN - South Bend,139,14066.16547,6087.215827,Inpatient,41.684132,-86.250572
885,PSYCHOSES,COMMUNITY HOSPITAL EAST,1500 N RITTER AVE,INDIANAPOLIS,IN,46219,IN - Indianapolis,642,16239.33178,6205.629283,Inpatient,39.788071,-86.073822
885,PSYCHOSES,DEACONESS HOSPITAL INC,600 MARY ST,EVANSVILLE,IN,47747,IN - Evansville,196,16544.98469,5183.668367,Inpatient,37.983032,-87.570692
885,PSYCHOSES,SAINT JOHN'S HEALTH SYSTEM,2015 JACKSON ST,ANDERSON,IN,46016,IN - Indianapolis,106,11411.49057,5538.490566,Inpatient,40.096241,-85.680458
885,PSYCHOSES,INDIANA UNIVERSITY HEALTH BALL MEMORIAL HOSPITAL,2401 UNIVERSITY AVE,MUNCIE,IN,47303,IN - Muncie,117,18246.31624,6333.837607,Inpatient,40.197609,-85.414886
885,PSYCHOSES,ST MARY'S MEDICAL CENTER OF EVANSVILLE INC,3700 WASHINGTON AVE,EVANSVILLE,IN,47750,IN - Evansville,11,14198.09091,5017.181818,Inpatient,37.962398,-87.504066
885,PSYCHOSES,FRANCISCAN ST ELIZABETH HEALTH - LAFAYETTE EAST,1701 S CREASY LN,LAFAYETTE,IN,47905,IN - Lafayette,92,12803.84783,5646.532609,Inpatient,40.393779,-86.83838
885,PSYCHOSES,COLUMBUS REGIONAL HOSPITAL,2400 E 17TH ST,COLUMBUS,IN,47201,IN - Indianapolis,126,12430.57143,5617.31746,Inpatient,39.21585,-85.89669
885,PSYCHOSES,FRANCISCAN ST ANTHONY HEALTH - CROWN POINT,1201 S MAIN ST,CROWN POINT,IN,46307,IN - Gary,19,14545.84211,5213.526316,Inpatient,41.396284,-87.36441
885,PSYCHOSES,ALEGENT HEALTH MERCY HOSPITAL,800 MERCY DRIVE,COUNCIL BLUFFS,IA,51503,NE - Omaha,254,12864.93307,5957.69685,Inpatient,41.267872,-95.839363
885,PSYCHOSES,MERCY HOSPITAL,500 E MARKET STREET,IOWA CITY,IA,52245,IA - Iowa City,66,9023.651515,5036.393939,Inpatient,41.663582,-91.529251
885,PSYCHOSES,JENNIE EDMUNDSON HOSPITAL,933 EAST PIERCE STREET,COUNCIL BLUFFS,IA,51503,NE - Omaha,256,11678.47266,5142.167969,Inpatient,41.269501,-95.8349
885,PSYCHOSES,GREAT RIVER MEDICAL CENTER,1221 SOUTH GEAR AVENUE,WEST BURLINGTON,IA,52655,IA - Davenport,56,13916.10714,5210.964286,Inpatient,40.807223,-91.17026
885,PSYCHOSES,UNIVERSITY OF IOWA HOSPITAL & CLINICS,200 HAWKINS DRIVE,IOWA CITY,IA,52242,IA - Iowa City,19,36851.31579,13623.68421,Inpatient,41.658968,-91.54991
885,PSYCHOSES,MERCY MEDICAL CENTER-NORTH IOWA,1000 FOURTH STREET SW,MASON CITY,IA,50401,IA - Mason City,317,9953.577287,5526.211356,Inpatient,43.14833,-93.216566
885,PSYCHOSES,COVENANT MEDICAL CENTER,3421 WEST NINTH STREET,WATERLOO,IA,50702,IA - Waterloo,233,7163.523605,5585.802575,Inpatient,42.463884,-92.345744
885,PSYCHOSES,MERCY MEDICAL CENTER-DUBUQUE,250 MERCY DRIVE,DUBUQUE,IA,52001,IA - Dubuque,11,8725.090909,4599.909091,Inpatient,42.491883,-90.672911
885,PSYCHOSES,MERCY MEDICAL CENTER-DES MOINES,1111 6TH AVE,DES MOINES,IA,50314,IA - Des Moines,15,15358.13333,5691,Inpatient,41.597832,-93.625648
885,PSYCHOSES,BROADLAWNS MEDICAL CENTER,1801 HICKMAN ROAD,DES MOINES,IA,50314,IA - Des Moines,174,11278.02299,8570.925287,Inpatient,41.615082,-93.642487
885,PSYCHOSES,ALLEN MEMORIAL HOSPITAL,1825 LOGAN AVENUE,WATERLOO,IA,50703,IA - Waterloo,249,9409.449799,5357.84739,Inpatient,42.527222,-92.337631
885,PSYCHOSES,STORMONT-VAIL HEALTHCARE,1500 SW 10TH ST,TOPEKA,KS,66604,KS - Topeka,529,11910.34405,5496.873346,Inpatient,39.049938,-95.814552
885,PSYCHOSES,VIA CHRISTI HOSPITALS WICHITA INC,929 N ST FRANCIS ST,WICHITA,KS,67214,KS - Wichita,548,13669.32664,5617.355839,Inpatient,37.700279,-97.331711
885,PSYCHOSES,CUSHING MEMORIAL HOSPITAL,711 MARSHALL STREET,LEAVENWORTH,KS,66048,MO - Kansas City,170,16291.74118,5454.605882,Inpatient,39.307781,-94.918518
885,PSYCHOSES,ST ELIZABETH FT THOMAS,85 NORTH GRAND AVENUE,FORT THOMAS,KY,41075,KY - Covington,17,9233.294118,5384.352941,Inpatient,39.07914,-84.465858
885,PSYCHOSES,KING'S DAUGHTERS' MEDICAL CENTER,2201 LEXINGTON AVENUE,ASHLAND,KY,41101,WV - Huntington,207,7645.483092,5458.584541,Inpatient,38.470409,-82.635979
885,PSYCHOSES,THE MEDICAL CENTER AT BOWLING GREEN,250 PARK STREET,BOWLING GREEN,KY,42101,TN - Nashville,105,9558.47619,5704.628571,Inpatient,36.996361,-86.43016
885,PSYCHOSES,ST ELIZABETH MEDICAL CENTER NORTH,401 EAST 20TH STREET,COVINGTON,KY,41014,KY - Covington,235,11299.55745,5490.765957,Inpatient,39.067758,-84.50068
885,PSYCHOSES,OUR LADY OF BELLEFONTE HOSPITAL,1000 SAINT CHRISTOPHER DRIVE,ASHLAND,KY,41101,WV - Huntington,128,9533.992188,5354.75,Inpatient,38.464233,-82.641746
885,PSYCHOSES,OWENSBORO MEDICAL HEALTH SYSTEM,811 EAST PARRISH AVENUE,OWENSBORO,KY,42303,KY - Owensboro,159,6294.698113,6285.616352,Inpatient,37.765141,-87.102127
885,PSYCHOSES,JEWISH HOSPITAL & ST MARY'S HEALTHCARE,200 ABRAHAM FLEXNER WAY,LOUISVILLE,KY,40202,KY - Louisville,291,14490.35052,6426.398625,Inpatient,38.249321,-85.750839
885,PSYCHOSES,ST ELIZABETH FLORENCE,4900 HOUSTON ROAD,FLORENCE,KY,41042,KY - Covington,136,10782.22794,5529.764706,Inpatient,39.017984,-84.632212
885,PSYCHOSES,EPHRAIM MCDOWELL REGIONAL MEDICAL CENTER,217 SOUTH THIRD STREET,DANVILLE,KY,40422,KY - Lexington,67,11750.25373,5473.029851,Inpatient,37.64378,-84.772659
885,PSYCHOSES,UNIVERSITY OF KENTUCKY HOSPITAL,HOSPITAL ADMINISTRATION,LEXINGTON,KY,40536,KY - Lexington,15,17069.8,8721,Inpatient,38.028481,-84.487876
885,PSYCHOSES,BAPTIST REGIONAL MEDICAL CENTER,ONE TRILLIUM WAY,CORBIN,KY,40701,KY - Lexington,293,13747.84983,5450.761092,Inpatient,36.92206,-84.11407
885,PSYCHOSES,"NORTON HOSPITALS, INC",200 EAST CHESTNUT STREET,LOUISVILLE,KY,40202,KY - Louisville,18,16294.5,6874.055556,Inpatient,38.248216,-85.751297
885,PSYCHOSES,WESTERN BAPTIST HOSPITAL,2501 KENTUCKY AVENUE,PADUCAH,KY,42003,KY - Paducah,17,10611.94118,4777,Inpatient,37.07341,-88.626251
885,PSYCHOSES,THREE RIVERS MEDICAL CENTER,2485 HIGHWAY 644 PO BOX 769,LOUISA,KY,41230,WV - Huntington,12,18557.75,5465.166667,Inpatient,,
885,PSYCHOSES,BAPTIST HOSPITAL EAST,4000 KRESGE WAY,LOUISVILLE,KY,40207,KY - Louisville,48,13074.5,4776.770833,Inpatient,38.238286,-85.641189
885,PSYCHOSES,LAKE CUMBERLAND REGIONAL HOSPITAL,"305 LANGDON STREET, P O BOX 620",SOMERSET,KY,42502,KY - Lexington,221,14807.59276,5744.647059,Inpatient,,
885,PSYCHOSES,UNIVERSITY OF LOUISVILLE HOSPITAL,530 SOUTH JACKSON STREET,LOUISVILLE,KY,40202,KY - Louisville,214,14289.87383,8477.859813,Inpatient,38.248562,-85.745005
885,PSYCHOSES,LAFAYETTE GENERAL MEDICAL CENTER,1214 COOLIDGE AVENUE,LAFAYETTE,LA,70503,LA - Lafayette,11,11460.81818,5361.363636,Inpatient,30.20241,-92.01859
885,PSYCHOSES,"NORTH OAKS MEDICAL CENTER, LLC",15790 PAUL VEGA MD DRIVE,HAMMOND,LA,70403,LA - Baton Rouge,15,21552.26667,5835,Inpatient,30.465983,-90.46078
885,PSYCHOSES,OPELOUSAS GENERAL HEALTH SYSTEM,539 EAST PRUDHOMME STREET,OPELOUSAS,LA,70570,LA - Lafayette,11,5090.363636,5975.363636,Inpatient,30.543461,-92.075508
885,PSYCHOSES,CHRISTUS ST PATRICK HOSPITAL,524 DR MICHAEL DEBAKEY STREET,LAKE CHARLES,LA,70601,LA - Lake Charles,11,27988.81818,4644.636364,Inpatient,30.215354,-93.228429
885,PSYCHOSES,OCHSNER FOUNDATION HOSPITAL,1516 JEFFERSON HWY,NEW ORLEANS,LA,70121,LA - New Orleans,16,24479.8125,6422.375,Inpatient,29.962709,-90.144783
885,PSYCHOSES,LAKE CHARLES MEMORIAL HOSPITAL,1701 OAK PARK BLVD,LAKE CHARLES,LA,70601,LA - Lake Charles,127,25057.88189,5790.291339,Inpatient,30.20348,-93.197029
885,PSYCHOSES,ST CHARLES PARISH HOSPITAL,1057 PAUL MAILLARD ROAD,LULING,LA,70070,LA - New Orleans,16,28833.1875,7534.5,Inpatient,29.924566,-90.371712
885,PSYCHOSES,"OUR LADY OF LOURDES REGIONAL MEDICAL CENTER, INC",4801 AMBASSADOR CAFFERY PARKWAY,LAFAYETTE,LA,70508,LA - Lafayette,11,11188.54545,6036.909091,Inpatient,30.14864,-92.038017
885,PSYCHOSES,WILLIS KNIGHTON MEDICAL CENTER,2600 GREENWOOD ROAD,SHREVEPORT,LA,71103,LA - Shreveport,14,20619,5102.857143,Inpatient,32.483898,-93.778816
885,PSYCHOSES,MID COAST HOSPITAL,123 MEDICAL CENTER DRIVE,BRUNSWICK,ME,4011,ME - Portland,120,14440.69167,5663.275,Inpatient,43.906101,-69.891647
885,PSYCHOSES,EASTERN MAINE MEDICAL CENTER,"489 STATE ST, PO BOX 404",BANGOR,ME,4401,ME - Bangor,13,18697.38462,6030.076923,Inpatient,,
885,PSYCHOSES,ST MARYS REGIONAL MEDICAL CENTER,CAMPUS AVENUE - PO BOX 291,LEWISTON,ME,4240,ME - Portland,71,9447.535211,6093.802817,Inpatient,,
885,PSYCHOSES,MAINE GENERAL MEDICAL CENTER,6 E CHESTNUT ST,AUGUSTA,ME,4330,ME - Portland,231,16442.49351,6284.774892,Inpatient,44.31337,-69.76844
885,PSYCHOSES,NORTHERN MAINE MEDICAL CENTER,194 E MAIN STREET,FORT KENT,ME,4743,ME - Bangor,15,19819.73333,8321.933333,Inpatient,47.26535,-68.59124
885,PSYCHOSES,PENOBSCOT BAY MEDICAL CENTER,6 GLEN COVE DRIVE,ROCKPORT,ME,4856,ME - Portland,127,19208.27559,6851.165354,Inpatient,44.143299,-69.086769
885,PSYCHOSES,MERITUS MEDICAL CENTER,11116 MEDICAL CAMPUS ROAD,HAGERSTOWN,MD,21742,DC - Washington,188,8116.590426,7637.515957,Inpatient,39.62236,-77.680655
885,PSYCHOSES,UNIVERSITY OF MARYLAND MEDICAL CENTER,22 S GREENE ST,BALTIMORE,MD,21201,MD - Baltimore,298,19293.29195,18141.61409,Inpatient,39.288471,-76.623642
885,PSYCHOSES,PRINCE GEORGES HOSPITAL CENTER,3001 HOSPITAL DRIVE,CHEVERLY,MD,20785,MD - Takoma Park,374,8553.631016,8040.403743,Inpatient,38.93177,-76.91929
885,PSYCHOSES,HOLY CROSS HOSPITAL,1500 FOREST GLEN ROAD,SILVER SPRING,MD,20910,MD - Takoma Park,21,9698.857143,9117.047619,Inpatient,39.016022,-77.035309
885,PSYCHOSES,FREDERICK MEMORIAL HOSPITAL,400 WEST SEVENTH ST,FREDERICK,MD,21701,DC - Washington,190,9934.1,9344.036842,Inpatient,39.42376,-77.41407
885,PSYCHOSES,HARFORD MEMORIAL HOSPITAL,501 S UNION AVE,HAVRE DE GRACE,MD,21078,MD - Baltimore,253,9655.086957,9108.581028,Inpatient,39.542998,-76.09153
885,PSYCHOSES,SAINT JOSEPH MEDICAL CENTER,7601 OSLER DRIVE,TOWSON,MD,21204,MD - Baltimore,173,16879.42775,15882.09827,Inpatient,39.38825,-76.61326
885,PSYCHOSES,"JOHNS HOPKINS HOSPITAL, THE",600 NORTH WOLFE STREET,BALTIMORE,MD,21287,MD - Baltimore,453,34232.33775,32200.77925,Inpatient,39.297421,-76.59082
885,PSYCHOSES,SINAI HOSPITAL OF BALTIMORE,2401 WEST BELVEDERE AVE,BALTIMORE,MD,21215,MD - Baltimore,345,8983.15942,8453.817391,Inpatient,39.354698,-76.662277
885,PSYCHOSES,BON SECOURS HOSPITAL,2000 W BALTIMORE STREET,BALTIMORE,MD,21223,MD - Baltimore,268,9440.048507,8873.630597,Inpatient,39.288071,-76.649101
885,PSYCHOSES,FRANKLIN SQUARE HOSPITAL CENTER,9000 FRANKLIN SQUARE DR,BALTIMORE,MD,21237,MD - Baltimore,151,11174.37086,10534.21192,Inpatient,39.350411,-76.478691
885,PSYCHOSES,WASHINGTON ADVENTIST HOSPITAL,7600 CARROLL AVE,TAKOMA PARK,MD,20912,MD - Takoma Park,280,8214.210714,7721.339286,Inpatient,38.98399,-76.999809
885,PSYCHOSES,MONTGOMERY GENERAL HOSPITAL INC,18101 PRINCE PHILIP DRIVE,OLNEY,MD,20832,MD - Takoma Park,252,9214.916667,8695.47619,Inpatient,39.15237,-77.05672
885,PSYCHOSES,PENINSULA REGIONAL MEDICAL CENTER,100 E CARROLL AVE,SALISBURY,MD,21801,MD - Salisbury,175,11476.99429,10802.65714,Inpatient,38.3631,-75.59876
885,PSYCHOSES,SUBURBAN HOSPITAL,8600 OLD GEORGETOWN RD,BETHESDA,MD,20814,DC - Washington,263,10260.64259,9651.961977,Inpatient,38.99669,-77.10912
885,PSYCHOSES,ANNE ARUNDEL MEDICAL CENTER,2001 MEDICAL PARKWAY,ANNAPOLIS,MD,21401,DC - Washington,16,8180.4375,7689.75,Inpatient,38.98914,-76.53622
885,PSYCHOSES,UNION MEMORIAL HOSPITAL,201 E UNIVERSITY PKY,BALTIMORE,MD,21218,MD - Baltimore,425,8331.103529,7849.402353,Inpatient,39.330588,-76.614717
885,PSYCHOSES,WESTERN MARYLAND REGIONAL MEDICAL CENTER,12500 WILLOWBROOK ROAD,CUMBERLAND,MD,21502,DC - Washington,238,7256.915966,6831.016807,Inpatient,39.64716,-78.73155
885,PSYCHOSES,SAINT MARY'S HOSPITAL,PO BOX 527,LEONARDTOWN,MD,20650,DC - Washington,89,9829.235955,9239.494382,Inpatient,38.291801,-76.635834
885,PSYCHOSES,JOHNS HOPKINS BAYVIEW MEDICAL CENTER,4940 EASTERN AVENUE,BALTIMORE,MD,21224,MD - Baltimore,223,15964.90583,15019.27354,Inpatient,39.287385,-76.549429
885,PSYCHOSES,UNION HOSPITAL OF CECIL COUNTY,106 BOW STREET,ELKTON,MD,21921,DE - Wilmington,78,10819.07692,10184.41026,Inpatient,39.608178,-75.831084
885,PSYCHOSES,CARROLL HOSPITAL CENTER,200 MEMORIAL AVE,WESTMINSTER,MD,21157,MD - Baltimore,322,9229.636646,8707.714286,Inpatient,39.557758,-76.989891
885,PSYCHOSES,MEMORIAL HOSPITAL AT EASTON,219 S WASHINGTON ST,EASTON,MD,21601,MD - Baltimore,180,12147.32222,11437.12778,Inpatient,38.769135,-76.075785
885,PSYCHOSES,MARYLAND GENERAL HOSPITAL,827 LINDEN AVE,BALTIMORE,MD,21201,MD - Baltimore,442,9712.710407,9129.986425,Inpatient,39.299511,-76.620812
885,PSYCHOSES,CALVERT MEMORIAL HOSPITAL,100 HOSPITAL ROAD,PRINCE FREDERIC,MD,20678,DC - Washington,90,9841.166667,9331.844444,Inpatient,38.559029,-76.59654
885,PSYCHOSES,NORTHWEST HOSPITAL CENTER,5401 OLD COURT RD,RANDALLSTOWN,MD,21133,MD - Baltimore,211,9907.251185,9323.526066,Inpatient,39.359341,-76.78257
885,PSYCHOSES,BALTIMORE WASHINGTON MEDICAL CENTER,301 HOSPITAL DR,GLEN BURNIE,MD,21061,MD - Baltimore,172,12862.76744,12119.86047,Inpatient,39.139472,-76.624344
885,PSYCHOSES,GREATER BALTIMORE MEDICAL CENTER,6701 NORTH CHARLES STREET,BALTIMORE,MD,21204,MD - Baltimore,11,8184.545455,7693.636364,Inpatient,39.39275,-76.628153
885,PSYCHOSES,HOWARD COUNTY GENERAL HOSPITAL,5755 CEDAR LANE,COLUMBIA,MD,21044,MD - Baltimore,185,11018.28649,10375.16757,Inpatient,39.214161,-76.887192
885,PSYCHOSES,SOUTHERN MARYLAND HOSPITAL CENTER,7503 SURRATTS RD,CLINTON,MD,20735,DC - Washington,232,8857.116379,8335.474138,Inpatient,38.7503,-76.87696
885,PSYCHOSES,LAUREL REGIONAL MEDICAL CENTER,7300 VAN DUSEN ROAD,LAUREL,MD,20707,MD - Takoma Park,132,8280.05303,7841.280303,Inpatient,39.08597,-76.88
885,PSYCHOSES,GOOD SAMARITAN HOSPITAL,5601 LOCH RAVEN BLVD,BALTIMORE,MD,21239,MD - Baltimore,12,8576.25,8061.75,Inpatient,39.358929,-76.588882
885,PSYCHOSES,BAYSTATE FRANKLIN MEDICAL CENTER,164 HIGH STREET,GREENFIELD,MA,1301,MA - Springfield,144,24809.18056,7269.395833,Inpatient,42.59565,-72.591232
885,PSYCHOSES,CARNEY HOSPITAL,2100 DORCHESTER AVENUE,BOSTON,MA,2124,MA - Boston,210,14688.19048,9949.809524,Inpatient,42.278549,-71.066353
885,PSYCHOSES,SAINT ANNE'S HOSPITAL,795 MIDDLE STREET,FALL RIVER,MA,2721,MA - Boston,13,18149.07692,6632,Inpatient,41.693272,-71.163597
885,PSYCHOSES,BEVERLY HOSPITAL CORPORATION,85 HERRICK STREET,BEVERLY,MA,1915,MA - Boston,175,9042.331429,6401.531429,Inpatient,42.565269,-70.877212
885,PSYCHOSES,MASSACHUSETTS GENERAL HOSPITAL,55 FRUIT STREET,BOSTON,MA,2114,MA - Boston,23,34180.47826,9733,Inpatient,42.36241,-71.06937
885,PSYCHOSES,"SOUTHCOAST HOSPITAL GROUP, INC",363 HIGHLAND AVENUE,FALL RIVER,MA,2720,MA - Boston,30,12461.5,6296.033333,Inpatient,41.710442,-71.146797
885,PSYCHOSES,BAYSTATE MEDICAL CENTER,759 CHESTNUT STREET,SPRINGFIELD,MA,1199,MA - Springfield,14,17776.5,7642.142857,Inpatient,42.119839,-72.60482
885,PSYCHOSES,HOLY FAMILY HOSPITAL,70 EAST STREET,METHUEN,MA,1844,MA - Boston,389,15463.58869,6490.267352,Inpatient,42.725681,-71.16861
885,PSYCHOSES,BETH ISRAEL DEACONESS MEDICAL CENTER,330 BROOKLINE AVENUE,BOSTON,MA,2215,MA - Boston,24,15954.54167,11106.20833,Inpatient,42.341019,-71.105026
885,PSYCHOSES,HEYWOOD HOSPITAL,242 GREEN STREET,GARDNER,MA,1440,MA - Worcester,142,12768.97887,6751.464789,Inpatient,42.58572,-71.985807
885,PSYCHOSES,SOUTH SHORE HOSPITAL,55 FOGG ROAD,SOUTH WEYMOUTH,MA,2190,MA - Boston,17,9145.470588,5841,Inpatient,42.174709,-70.954086
885,PSYCHOSES,BRIGHAM AND WOMEN'S HOSPITAL,75 FRANCIS STREET,BOSTON,MA,2115,MA - Boston,12,20451.66667,8498.416667,Inpatient,42.33591,-71.10757
885,PSYCHOSES,TUFTS MEDICAL CENTER,800 WASHINGTON STREET,BOSTON,MA,2111,MA - Boston,22,25577.22727,11973.54545,Inpatient,,
885,PSYCHOSES,UMASS MEMORIAL MEDICAL CENTER INC,55 LAKE AVENUE NORTH,WORCESTER,MA,1655,MA - Worcester,14,25380.5,10014.21429,Inpatient,42.278631,-71.759025
885,PSYCHOSES,LAHEY CLINIC HOSPITAL,41 & 45 MALL ROAD,BURLINGTON,MA,1803,MA - Boston,12,10686.58333,6852.5,Inpatient,42.48667,-71.205354
885,PSYCHOSES,PROVIDENCE HOSPITAL AND MEDICAL CENTERS,16001 W NINE MILE RD,SOUTHFIELD,MI,48075,MI - Royal Oak,12,13839.41667,6510.916667,Inpatient,42.459221,-83.205299
885,PSYCHOSES,OAKWOOD HOSPITAL AND MEDICAL CENTER,18101 OAKWOOD BLVD,DEARBORN,MI,48124,MI - Dearborn,11,16610.54545,6554.181818,Inpatient,42.291859,-83.211731
885,PSYCHOSES,"LAKELAND HOSPITAL, ST JOSEPH",1234 NAPIER AVENUE,ST JOSEPH,MI,49085,MI - St. Joseph,13,6698.538462,5417.230769,Inpatient,42.08995,-86.47756
885,PSYCHOSES,SPECTRUM HEALTH - BUTTERWORTH CAMPUS,100 MICHIGAN ST NE,GRAND RAPIDS,MI,49503,MI - Grand Rapids,19,16890.31579,9398.052632,Inpatient,42.97049,-85.66634
885,PSYCHOSES,MCLAREN BAY REGION,1900 COLUMBUS AVE,BAY CITY,MI,48708,MI - Saginaw,18,13254.66667,5097.944444,Inpatient,43.589401,-83.869034
885,PSYCHOSES,HENRY FORD MACOMB HOSPITAL,15855 NINETEEN MILE RD,CLINTON TOWNSHI,MI,48038,MI - Detroit,19,9909.894737,5449.736842,Inpatient,42.612649,-82.964433
885,PSYCHOSES,HENRY FORD HOSPITAL,2799 W GRAND BLVD,DETROIT,MI,48202,MI - Detroit,17,36170.47059,14448.29412,Inpatient,42.366161,-83.084549
885,PSYCHOSES,DICKINSON COUNTY MEMORIAL HOSPITAL,1721 S STEPHENSON AVE,IRON MOUNTAIN,MI,49801,WI - Green Bay,12,8570.333333,5292,Inpatient,45.808312,-88.045652
885,PSYCHOSES,SAINT MARY'S HEALTH CARE,200 JEFFERSON AVENUE SE,GRAND RAPIDS,MI,49503,MI - Grand Rapids,20,6072.05,7139.8,Inpatient,42.958591,-85.664093
885,PSYCHOSES,"MERCY HEALTH PARTNERS, HACKLEY CAMPUS",1700 CLINTON STREET,MUSKEGON,MI,49442,MI - Muskegon,97,11022.74227,5938.865979,Inpatient,43.220642,-86.24309
885,PSYCHOSES,ALLEGIANCE HEALTH,205 N EAST AVE,JACKSON,MI,49201,MI - Ann Arbor,202,17050.9604,5416.569307,Inpatient,42.250069,-84.393517
885,PSYCHOSES,MUNSON MEDICAL CENTER,1105 SIXTH STREET,TRAVERSE CITY,MI,49684,MI - Traverse City,16,19377.6875,6293.5,Inpatient,44.761639,-85.641739
885,PSYCHOSES,WILLIAM BEAUMONT HOSPITAL,3601 W THIRTEEN MILE RD,ROYAL OAK,MI,48073,MI - Royal Oak,31,15714.12903,6756.548387,Inpatient,42.517761,-83.191437
885,PSYCHOSES,MCLAREN FLINT,401 S BALLENGER HIGHWAY,FLINT,MI,48532,MI - Flint,35,16370.97143,6863.2,Inpatient,43.014118,-83.73362
885,PSYCHOSES,OAKWOOD ANNAPOLIS HOSPITAL,33155 ANNAPOLIS AVE,WAYNE,MI,48184,MI - Ann Arbor,11,13259.72727,5822.909091,Inpatient,42.274249,-83.366178
885,PSYCHOSES,BOTSFORD HOSPITAL,28050 GRAND RIVER AVENUE,FARMINGTON HILL,MI,48336,MI - Ann Arbor,23,9614.608696,7286.26087,Inpatient,42.443418,-83.32421
885,PSYCHOSES,MCLAREN - GREATER LANSING,401 W GREENLAWN AVE,LANSING,MI,48910,MI - Lansing,14,14439.21429,6229.857143,Inpatient,42.704769,-84.556213
885,PSYCHOSES,OAKLAWN HOSPITAL,200 N MADISON,MARSHALL,MI,49068,MI - Kalamazoo,72,21817.55556,5370.138889,Inpatient,42.273361,-84.957771
885,PSYCHOSES,MOUNT CLEMENS REGIONAL MEDICAL CENTER,1000 HARRINGTON BLVD,MOUNT CLEMENS,MI,48043,MI - Detroit,16,9404,6057.875,Inpatient,42.586781,-82.89708
885,PSYCHOSES,WILLIAM BEAUMONT HOSPITAL-TROY,44201 DEQUINDRE ROAD,TROY,MI,48085,MI - Royal Oak,14,15958.85714,5567.071429,Inpatient,42.61639,-83.09108
885,PSYCHOSES,OAKWOOD HERITAGE HOSPITAL,10000 TELEGRAPH ROAD,TAYLOR,MI,48180,MI - Dearborn,16,11588.8125,7343.4375,Inpatient,42.233174,-83.26964
885,PSYCHOSES,NORTH MEMORIAL MEDICAL CENTER,3300 OAKDALE NORTH,ROBBINSDALE,MN,55422,MN - Minneapolis,14,14247.5,5983.928571,Inpatient,45.014619,-93.322411
885,PSYCHOSES,ESSENTIA HEALTH ST MARY'S MEDICAL CENTER,407 E 3RD ST,DULUTH,MN,55805,MN - Duluth,11,12202.81818,5699.545455,Inpatient,46.793579,-92.095428
885,PSYCHOSES,ESSENTIA HEALTH DULUTH,502 EAST SECOND STREET,DULUTH,MN,55805,MN - Duluth,375,18300.64267,8126.4,Inpatient,46.792511,-92.094902
885,PSYCHOSES,ST CLOUD HOSPITAL,1406 6TH AVE NORTH,SAINT CLOUD,MN,56303,MN - St. Cloud,116,25304.16379,7958.948276,Inpatient,45.57534,-94.170402
885,PSYCHOSES,UNITED HOSPITAL,333 NORTH SMITH,SAINT PAUL,MN,55102,MN - St. Paul,234,40979.58974,8966.209402,Inpatient,44.942459,-93.107521
885,PSYCHOSES,UNIVERSITY MEDICAL CENTER-MESABI/ MESABA CLINICS,750 EAST 34TH ST,HIBBING,MN,55746,MN - Minneapolis,194,20473.68557,7879.113402,Inpatient,47.411173,-92.931559
885,PSYCHOSES,ST LUKES HOSPITAL,915 E 1ST ST,DULUTH,MN,55805,MN - Duluth,227,12140.95595,5974.418502,Inpatient,46.796661,-92.087486
885,PSYCHOSES,PARK NICOLLET METHODIST HOSPITAL,6500 EXCELSIOR BLVD,SAINT LOUIS PAR,MN,55426,MN - Minneapolis,16,6575.0625,5250.4375,Inpatient,44.92704,-93.361923
885,PSYCHOSES,ABBOTT NORTHWESTERN HOSPITAL,800 EAST 28TH STREET,MINNEAPOLIS,MN,55407,MN - Minneapolis,384,38999.39583,7825.382813,Inpatient,44.95195,-93.26244
885,PSYCHOSES,ST JOSEPH'S HOSPITAL,45 WEST 10TH STREET,SAINT PAUL,MN,55102,MN - St. Paul,297,27150.6229,7591.430976,Inpatient,44.949098,-93.100048
885,PSYCHOSES,ESSENTIA HEALTH ST JOSEPH'S MEDICAL CENTER,523 NORTH 3RD STREET,BRAINERD,MN,56401,MN - Minneapolis,13,12318.61538,5938,Inpatient,46.361649,-94.205131
885,PSYCHOSES,"UNIVERSITY OF MINNESOTA MEDICAL CENTER, FAIRVIEW",2450 RIVERSIDE AVENUE,MINNEAPOLIS,MN,55454,MN - Minneapolis,81,34331.83951,11479.82716,Inpatient,44.965912,-93.237106
885,PSYCHOSES,MAYO CLINIC HEALTH SYSTEM - MANKATO,1025 MARSH STREET BOX 8673,MANKATO,MN,56002,MN - Minneapolis,78,10933.92308,5981.75641,Inpatient,,
885,PSYCHOSES,REGIONS HOSPITAL,640 JACKSON STREET,SAINT PAUL,MN,55101,MN - St. Paul,687,37106.53275,9543.63901,Inpatient,44.955002,-93.095932
885,PSYCHOSES,MERCY HOSPITAL,4050 COON RAPIDS BLVD,COON RAPIDS,MN,55433,MN - Minneapolis,260,42505.15385,7429.965385,Inpatient,45.184261,-93.369324
885,PSYCHOSES,UNIVERSITY OF MISSISSIPPI MED CENTER,2500 N STATE ST,JACKSON,MS,39216,MS - Jackson,141,14407.68085,7502.014184,Inpatient,32.32872,-90.175583
885,PSYCHOSES,BILOXI REGIONAL MEDICAL CENTER,PO BOX 128/150 REYNOIR STREET,BILOXI,MS,39533,MS - Gulfport,227,31050.51542,5582.977974,Inpatient,30.39595,-88.890419
885,PSYCHOSES,MEMORIAL HOSPITAL AT GULFPORT,4500 13TH ST-P O BOX 1810,GULFPORT,MS,39502,MS - Gulfport,85,28871.28235,5609.647059,Inpatient,,
885,PSYCHOSES,RIVER REGION HEALTH SYSTEM,2100 HWY 61 N,VICKSBURG,MS,39183,MS - Jackson,215,31862.58605,5766.074419,Inpatient,32.376781,-90.827408
885,PSYCHOSES,SINGING RIVER HOSPITAL,2809 DENNY AV,PASCAGOULA,MS,39581,AL - Mobile,80,19563.775,5138.4375,Inpatient,30.37599,-88.530701
885,PSYCHOSES,ST DOMINIC-JACKSON MEMORIAL HOSPITAL,969 LAKELAND DR,JACKSON,MS,39216,MS - Jackson,454,10741.48678,5091.726872,Inpatient,32.333698,-90.164818
885,PSYCHOSES,JEFFERSON COUNTY HOSPITAL,809 S MAIN BOX 577,FAYETTE,MS,39069,MS - Jackson,21,14360.61905,5932,Inpatient,,
885,PSYCHOSES,CENTRAL MISSISSIPPI MEDICAL CENTER,1850 CHADWICK DR,JACKSON,MS,39204,MS - Jackson,29,25844.31034,5497.448276,Inpatient,32.2869,-90.255661
885,PSYCHOSES,FORREST GENERAL HOSPITAL,6051 US HIGHWAY 49,HATTIESBURG,MS,39404,MS - Hattiesburg,22,10022.95455,5405.363636,Inpatient,31.31796,-89.3278
885,PSYCHOSES,DELTA REGIONAL MEDICAL CENTER,1400 E UNION ST,GREENVILLE,MS,38704,TN - Memphis,78,7135.692308,5823,Inpatient,33.40991,-91.035244
885,PSYCHOSES,CROSSGATES RIVER OAKS HOSPITAL,350 CROSSGATES BLVD,BRANDON,MS,39042,MS - Jackson,11,23908.09091,4444.909091,Inpatient,32.286159,-90.036041
885,PSYCHOSES,GREENWOOD LEFLORE HOSPITAL,1401 RIVER RD / PO BOX 1410,GREENWOOD,MS,38930,MS - Jackson,34,8168.970588,5759.5,Inpatient,,
885,PSYCHOSES,MISSISSIPPI BAPTIST MEDICAL CENTER,1225 N STATE ST,JACKSON,MS,39202,MS - Jackson,21,16310.2381,5233,Inpatient,32.3158,-90.178391
885,PSYCHOSES,TRI LAKES MEDICAL CENTER,303 MEDICAL CENTER DRIVE,BATESVILLE,MS,38606,MS - Oxford,185,13646.90811,5957.562162,Inpatient,34.306892,-89.915818
885,PSYCHOSES,ALLIANCE HEALTH CENTER,5000 HIGHWAY 39 NORTH,MERIDIAN,MS,39301,MS - Meridian,11,7345.181818,4708,Inpatient,32.409592,-88.678803
885,PSYCHOSES,ST JOHN'S REGIONAL MEDICAL CENTER,2817 ST JOHNS BLVD,JOPLIN,MO,64801,MO - Joplin,126,15026.19048,5177.055556,Inpatient,37.058574,-94.527736
885,PSYCHOSES,SSM ST JOSEPH HEALTH CENTER,300 1ST CAPITOL DR,SAINT CHARLES,MO,63301,MO - St. Louis,127,13520.54331,5202.370079,Inpatient,38.78038,-90.484528
885,PSYCHOSES,HEARTLAND REGIONAL MEDICAL CENTER,5325 FARAON STREET,SAINT JOSEPH,MO,64506,MO - Kansas City,22,12709.40909,6637,Inpatient,39.770199,-94.770554
885,PSYCHOSES,ST MARYS HEALTH CENTER,100 ST MARYS MEDICAL PLAZA,JEFFERSON CITY,MO,65101,MO - Columbia,177,9952.389831,4644.881356,Inpatient,38.57896,-92.18264
885,PSYCHOSES,TWIN RIVERS REGIONAL MEDICAL CENTER,1301 FIRST ST,KENNETT,MO,63857,AR - Jonesboro,104,10669.875,5036.557692,Inpatient,36.236622,-90.0411
885,PSYCHOSES,MERCY HOSPITAL ST LOUIS,615 NEW BALLAS ROAD,SAINT LOUIS,MO,63141,MO - St. Louis,12,19867.16667,5353,Inpatient,,
885,PSYCHOSES,RESEARCH MEDICAL CENTER,2316 E MEYER BLVD,KANSAS CITY,MO,64132,MO - Kansas City,41,22073.02439,5845.097561,Inpatient,39.007123,-94.55959
885,PSYCHOSES,BARNES JEWISH HOSPITAL,ONE BARNES-JEWISH HOSPITAL PLAZA,SAINT LOUIS,MO,63110,MO - St. Louis,13,12701,6656.769231,Inpatient,38.63477,-90.26337
885,PSYCHOSES,COX MEDICAL CENTER,3801 SOUTH NATIONAL AVENUE,SPRINGFIELD,MO,65807,MO - Springfield,230,12395.87391,5398.173913,Inpatient,,
885,PSYCHOSES,TRUMAN MEDICAL CENTER HOSPITAL HILL,2301 HOLMES STREET,KANSAS CITY,MO,64108,MO - Kansas City,13,7479.923077,8928.230769,Inpatient,39.084984,-94.575781
885,PSYCHOSES,ST LUKES NORTHLAND HOSPITAL,5830 N W BARRY ROAD,KANSAS CITY,MO,64154,MO - Kansas City,90,22288.63333,5376.477778,Inpatient,39.2469,-94.647633
885,PSYCHOSES,ST JOHN'S REGIONAL HEALTH CENTER,1235 E CHEROKEE,SPRINGFIELD,MO,65804,MO - Springfield,210,13523.59048,5310.785714,Inpatient,37.17828,-93.274979
885,PSYCHOSES,ST ANTHONY'S MEDICAL CENTER,10010 KENNERLY ROAD,SAINT LOUIS,MO,63128,MO - St. Louis,13,10406.69231,4752.769231,Inpatient,38.509479,-90.377571
885,PSYCHOSES,OZARKS MEDICAL CENTER,1100 KENTUCKY AVE,WEST PLAINS,MO,65775,MO - Springfield,251,9109.298805,5639.330677,Inpatient,36.73796,-91.87555
885,PSYCHOSES,SSM ST MARYS HEALTH CENTER,6420 CLAYTON RD,RICHMOND HEIGHT,MO,63117,MO - St. Louis,42,16902.85714,6926.571429,Inpatient,38.633999,-90.310753
885,PSYCHOSES,NORTH KANSAS CITY HOSPITAL,2800 CLAY EDWARDS DRIVE,NORTH KANSAS CI,MO,64116,MO - Kansas City,12,13294.66667,4903,Inpatient,39.149571,-94.552467
885,PSYCHOSES,TRUMAN MEDICAL CENTER LAKEWOOD,7900 LEE'S SUMMIT RD,KANSAS CITY,MO,64139,MO - Kansas City,180,10871.97778,8523.155556,Inpatient,38.973171,-94.390511
885,PSYCHOSES,SSM DEPAUL HEALTH CENTER,12303 DEPAUL DRIVE,BRIDGETON,MO,63044,MO - St. Louis,186,16416.92473,5563.11828,Inpatient,38.74905,-90.43437
885,PSYCHOSES,ST LOUIS UNIVERSITY HOSPITAL,3635 VISTA AVE,SAINT LOUIS,MO,63110,MO - St. Louis,12,18335.08333,8251.5,Inpatient,38.622532,-90.239319
885,PSYCHOSES,SOUTHEAST MISSOURI HOSPITAL,1701 LACEY ST,CAPE GIRARDEAU,MO,63701,MO - Cape Girardeau,21,14692.57143,4996.428571,Inpatient,37.311459,-89.54216
885,PSYCHOSES,MINERAL AREA REGIONAL MEDICAL CENTER,1212 WEBER RD,FARMINGTON,MO,63640,MO - St. Louis,117,13688.26496,5308.230769,Inpatient,37.800159,-90.44104
885,PSYCHOSES,POPLAR BLUFF REGIONAL MEDICAL CENTER,2620 N WESTWOOD BLVD,POPLAR BLUFF,MO,63901,MO - St. Louis,255,10327.28235,5766.141176,Inpatient,36.784289,-90.428323
885,PSYCHOSES,FREEMAN HEALTH SYSTEM - FREEMAN WEST,1102 WEST 32ND STREET,JOPLIN,MO,64804,MO - Joplin,68,16740.52941,5703.470588,Inpatient,37.05468,-94.525934
885,PSYCHOSES,LIBERTY HOSPITAL,2525 GLENN HENDREN DR,LIBERTY,MO,64069,MO - Kansas City,14,12613.57143,4812.214286,Inpatient,39.276165,-94.425308
885,PSYCHOSES,CHRISTIAN HOSPITAL NORTHEAST,11133 DUNN ROAD,SAINT LOUIS,MO,63136,MO - St. Louis,215,14343.93953,5247.911628,Inpatient,38.776901,-90.23848
885,PSYCHOSES,ST ALEXIUS HOSPITAL,3933 S BROADWAY,SAINT LOUIS,MO,63118,MO - St. Louis,805,18798.09441,5595.710559,Inpatient,38.58345,-90.2275
885,PSYCHOSES,BILLINGS CLINIC HOSPITAL,2800 10TH AVE N,BILLINGS,MT,59101,MT - Billings,313,11678.8722,5820.198083,Inpatient,45.79039,-108.514343
885,PSYCHOSES,KALISPELL REGIONAL MEDICAL CENTER,310 SUNNYVIEW LANE,KALISPELL,MT,59901,MT - Missoula,85,12980.36471,5456.317647,Inpatient,48.215321,-114.321999
885,PSYCHOSES,THE NEBRASKA MEDICAL CENTER,987400 NEBRASKA MEDICAL CENTER,OMAHA,NE,68198,NE - Omaha,26,21648.46154,7411.846154,Inpatient,41.255749,-95.978462
885,PSYCHOSES,ALEGENT HEALTH BERGAN MERCY MEDICAL CENTER,7500 MERCY RD,OMAHA,NE,68124,NE - Omaha,446,24305.73767,6174.096413,Inpatient,41.23785,-96.032044
885,PSYCHOSES,ALEGENT HEALTH IMMANUEL MEDICAL CENTER,6901 NORTH 72ND ST,OMAHA,NE,68122,NE - Omaha,361,19740.18837,6303.293629,Inpatient,41.32152,-96.02379
885,PSYCHOSES,FAITH REGIONAL HEALTH SERVICES,2700 WEST NORFOLK AVE,NORFOLK,NE,68701,NE - Omaha,91,27852.53846,7642.351648,Inpatient,42.032551,-97.452599
885,PSYCHOSES,RENOWN REGIONAL MEDICAL CENTER,1155 MILL STREET,RENO,NV,89502,NV - Reno,23,24051.34783,5850.521739,Inpatient,39.524181,-119.795433
885,PSYCHOSES,SUNRISE HOSPITAL AND MEDICAL CENTER,3186 S MARYLAND PKWY,LAS VEGAS,NV,89109,NV - Las Vegas,20,43459.55,6972.5,Inpatient,36.13253,-115.136902
885,PSYCHOSES,VALLEY HOSPITAL MEDICAL CENTER,620 SHADOW LANE,LAS VEGAS,NV,89106,NV - Las Vegas,20,30357.55,7195.2,Inpatient,36.163811,-115.165428
885,PSYCHOSES,MOUNTAINVIEW HOSPITAL,3100 N TENAYA WAY,LAS VEGAS,NV,89128,NV - Las Vegas,12,43981.25,5943.666667,Inpatient,36.216491,-115.251187
885,PSYCHOSES,SPRING VALLEY HOSPITAL MEDICAL CENTER,5400 SOUTH RAINBOW BLVD,LAS VEGAS,NV,89118,NV - Las Vegas,11,46958.09091,6240.818182,Inpatient,36.09055,-115.24292
885,PSYCHOSES,CONCORD HOSPITAL,250 PLEASANT ST,CONCORD,NH,3301,NH - Manchester,12,9203.5,5902.333333,Inpatient,43.196449,-71.562828
885,PSYCHOSES,PORTSMOUTH REGIONAL HOSPITAL,333 BORTHWICK AVE,PORTSMOUTH,NH,3801,NH - Manchester,15,18680.73333,6344.666667,Inpatient,43.064369,-70.787308
885,PSYCHOSES,CLARA MAASS MEDICAL CENTER,ONE CLARA MAAS DRIVE,BELLEVILLE,NJ,7109,NJ - Newark,16,53450.875,7124,Inpatient,40.784164,-74.176176
885,PSYCHOSES,UNIVERSITY MEDICAL CENTER AT PRINCETON,253 WITHERSPOON ST,PRINCETON,NJ,8540,NJ - New Brunswick,12,30657.66667,6227.666667,Inpatient,40.35672,-74.662781
885,PSYCHOSES,VALLEY HOSPITAL,223 N VAN DIEN AVENUE,RIDGEWOOD,NJ,7450,NJ - Ridgewood,12,29052.25,6158,Inpatient,40.983021,-74.101784
885,PSYCHOSES,COOPER UNIVERSITY HOSPITAL,1 COOPER PLAZA,CAMDEN,NJ,8103,NJ - Camden,70,25402,9556.014286,Inpatient,39.94085,-75.11559
885,PSYCHOSES,CHRIST HOSPITAL,176 PALISADE AVE,JERSEY CITY,NJ,7306,NJ - Newark,92,42068.96739,7861.5,Inpatient,40.734508,-74.050377
885,PSYCHOSES,ST JOSEPH'S REGIONAL MEDICAL CENTER,703 MAIN ST,PATERSON,NJ,7503,NJ - Paterson,194,57868.3866,8569.757732,Inpatient,40.90137,-74.16575
885,PSYCHOSES,ST FRANCIS MEDICAL CENTER,601 HAMILTON AVE,TRENTON,NJ,8629,PA - Philadelphia,164,81226.16463,8904.323171,Inpatient,40.217289,-74.741981
885,PSYCHOSES,VIRTUA WEST JERSEY HOSPITALS BERLIN,WHITEHORSE PIKE AND TOWNSEND AVENUE,BERLIN,NJ,8009,NJ - Camden,29,38265.7931,5731.724138,Inpatient,,
885,PSYCHOSES,TRINITAS REGIONAL MEDICAL CENTER,225 WILLIAMSON STREET,ELIZABETH,NJ,7207,NJ - Newark,12,37489.75,7539.416667,Inpatient,40.659507,-74.214383
885,PSYCHOSES,ROBERT WOOD JOHNSON UNIVERSITY HOSPITAL,ONE ROBERT WOOD JOHNSON PL,NEW BRUNSWICK,NJ,8901,NJ - New Brunswick,27,85321.96296,9978.259259,Inpatient,40.495761,-74.450649
885,PSYCHOSES,RARITAN BAY MEDICAL CENTER,530 NEW BRUNSWICK AVE,PERTH AMBOY,NJ,8861,NJ - New Brunswick,301,49539.71761,7582.202658,Inpatient,40.51888,-74.28154
885,PSYCHOSES,COMMUNITY MEDICAL CENTER,99 RT 37 WEST,TOMS RIVER,NJ,8755,NJ - Camden,17,35653.47059,5491.529412,Inpatient,39.965426,-74.216434
885,PSYCHOSES,ENGLEWOOD HOSPITAL AND MEDICAL CENTER,350 ENGLE ST,ENGLEWOOD,NJ,7631,NJ - Hackensack,54,127807.4815,10498.16667,Inpatient,40.904795,-73.967025
885,PSYCHOSES,SOMERSET MEDICAL CENTER,110 REHILL AVE,SOMERVILLE,NJ,8876,NJ - New Brunswick,17,61918.23529,8494.882353,Inpatient,40.56839,-74.595818
885,PSYCHOSES,ATLANTICARE REGIONAL MEDICAL CENTER - CITY DIV,1925 PACIFIC AVE,ATLANTIC CITY,NJ,8401,NJ - Camden,419,34584.51074,6375.02864,Inpatient,39.357859,-74.433707
885,PSYCHOSES,JERSEY SHORE UNIVERSITY MEDICAL CENTER,1945 RTE 33,NEPTUNE,NJ,7754,NJ - Camden,19,46521.57895,6523.263158,Inpatient,40.207266,-74.042195
885,PSYCHOSES,MONMOUTH MEDICAL CENTER,300 SECOND AVENUE,LONG BRANCH,NJ,7740,NJ - Camden,11,33957.90909,7002.090909,Inpatient,40.29546,-73.983612
885,PSYCHOSES,SAINT BARNABAS MEDICAL CENTER,94 OLD SHORT HILLS ROAD,LIVINGSTON,NJ,7039,NJ - Newark,14,98584.92857,13047.71429,Inpatient,40.763374,-74.302608
885,PSYCHOSES,KIMBALL MEDICAL CENTER,600 RIVER AVE,LAKEWOOD,NJ,8701,NJ - Camden,346,56342.63295,6029.731214,Inpatient,40.073891,-74.217392
885,PSYCHOSES,KENNEDY UNIVERSITY HOSPITAL - STRATFORD DIV,18 EAST LAUREL ROAD,STRATFORD,NJ,8084,NJ - Camden,254,63501.62205,7980.933071,Inpatient,39.828579,-75.009033
885,PSYCHOSES,"SAINT MICHAEL'S MEDICAL CENTER, INC",111 CENTRAL AVENUE,NEWARK,NJ,7102,NJ - Newark,241,20087.82988,8576.626556,Inpatient,40.742981,-74.174347
885,PSYCHOSES,ROBERT WOOD JOHNSON UNIVERSITY HOSPITAL HAMILTON,ONE HAMILTON HEALTH PLACE,HAMILTON,NJ,8690,PA - Philadelphia,12,41648.58333,5490.916667,Inpatient,40.21701,-74.674662
885,PSYCHOSES,UMDNJ UNIVERSITY HOSPITAL,150 BERGEN ST,NEWARK,NJ,7103,NJ - Newark,197,67935.20812,14777.8934,Inpatient,40.740175,-74.192525
885,PSYCHOSES,ST VINCENT HOSPITAL,455 ST MICHAEL'S DRIVE,SANTA FE,NM,87505,NM - Albuquerque,36,8688.472222,7485.416667,Inpatient,35.656792,-105.943947
885,PSYCHOSES,SAN JUAN REGIONAL MEDICAL CENTER,801 WEST MAPLE STREET,FARMINGTON,NM,87401,NM - Albuquerque,114,8698.649123,6860.447368,Inpatient,36.72432,-108.215698
885,PSYCHOSES,EASTERN NEW MEXICO MEDICAL CENTER,405 W COUNTRY CLUB RD,ROSWELL,NM,88201,NM - Albuquerque,272,36698.28676,5937.955882,Inpatient,33.423302,-104.528473
885,PSYCHOSES,MEMORIAL MEDICAL CENTER INC,2450 SOUTH TELSHOR BLVD,LAS CRUCES,NM,88011,TX - El Paso,143,11335.48951,6065.818182,Inpatient,32.291786,-106.734978
885,PSYCHOSES,ALBANY MEDICAL CENTER HOSPITAL,43 NEW SCOTLAND AVENUE,ALBANY,NY,12208,NY - Albany,16,23794.875,7405.25,Inpatient,42.653139,-73.774019
885,PSYCHOSES,FAXTON-ST LUKE'S HEALTHCARE,1656 CHAMPLIN AVENUE,UTICA,NY,13503,NY - Elmira,13,12130.92308,5056.923077,Inpatient,43.098991,-75.27562
885,PSYCHOSES,MONTEFIORE MEDICAL CENTER,111 EAST 210TH STREET,BRONX,NY,10467,NY - Bronx,12,45911.75,11870,Inpatient,40.879822,-73.880188
885,PSYCHOSES,NIAGARA FALLS MEMORIAL MEDICAL CENTER,621 TENTH STREET,NIAGARA FALLS,NY,14302,NY - Buffalo,332,17682.95783,7373.186747,Inpatient,43.093891,-79.050484
885,PSYCHOSES,NYACK HOSPITAL,160 NORTH MIDLAND AVENUE,NYACK,NY,10960,NJ - Hackensack,18,12723.88889,7046.833333,Inpatient,41.09536,-73.925209
885,PSYCHOSES,NORTH SHORE UNIVERSITY HOSPITAL,300 COMMUNITY DRIVE,MANHASSET,NY,11030,NY - East Long Island,14,29954.35714,8665.571429,Inpatient,40.778832,-73.702972
885,PSYCHOSES,ST JOSEPH'S HOSPITAL HEALTH CENTER,301 PROSPECT AVENUE,SYRACUSE,NY,13203,NY - Syracuse,209,23789.07177,7499.411483,Inpatient,43.05571,-76.149147
885,PSYCHOSES,ELLIS HOSPITAL,1101 NOTT STREET,SCHENECTADY,NY,12308,NY - Albany,240,26178.2125,5992.670833,Inpatient,42.819679,-73.918343
885,PSYCHOSES,COMMUNITY-GENERAL HOSPITAL OF GREATER SYRACUSE,4900 BROAD ROAD,SYRACUSE,NY,13215,NY - Syracuse,191,20544.53403,6152.486911,Inpatient,43.00824,-76.170242
885,PSYCHOSES,BETH ISRAEL MEDICAL CENTER,FIRST AVENUE AT 16TH STREET,NEW YORK,NY,10003,NY - Manhattan,22,25729.54545,10173.18182,Inpatient,40.73267,-73.981621
885,PSYCHOSES,SARATOGA HOSPITAL,211 CHURCH STREET,SARATOGA SPRING,NY,12866,NY - Albany,118,13359.18644,5070.669492,Inpatient,43.08477,-73.796921
885,PSYCHOSES,UNIVERSITY HOSPITAL S U N Y HEALTH SCIENCE CENTER,750 EAST ADAMS STREET,SYRACUSE,NY,13210,NY - Syracuse,55,27010.27273,10535.8,Inpatient,43.04269,-76.14032
885,PSYCHOSES,GOOD SAMARITAN HOSPITAL MEDICAL CENTER,1000 MONTAUK HIGHWAY,WEST ISLIP,NY,11795,NY - East Long Island,35,17104.4,6908.228571,Inpatient,40.695808,-73.29509
885,PSYCHOSES,UNIVERSITY HOSPITAL ( STONY BROOK ),HEALTH SCIENCES CENTER SUNY,STONY BROOK,NY,11794,NY - East Long Island,11,52016.09091,16841,Inpatient,40.908551,-73.124298
885,PSYCHOSES,CAROLINAS MEDICAL CENTER-NORTHEAST,920 CHURCH ST N,CONCORD,NC,28025,NC - Charlotte,17,11179.47059,6176.941176,Inpatient,35.435371,-80.603607
885,PSYCHOSES,MEMORIAL MISSION HOSPITAL AND ASHEVILLE SURGERY CE,509 BILTMORE AVE,ASHEVILLE,NC,28801,NC - Asheville,13,9194,5842.461538,Inpatient,35.578235,-82.548715
885,PSYCHOSES,HIGH POINT REGIONAL HOSPITAL,601 N ELM ST PO BOX HP-5,HIGH POINT,NC,27261,NC - Winston-Salem,273,7772.813187,5462.391941,Inpatient,,
885,PSYCHOSES,FORSYTH MEMORIAL HOSPITAL,3333 SILAS CREEK PARKWAY,WINSTON-SALEM,NC,27103,NC - Winston-Salem,12,13743,6653.25,Inpatient,36.072632,-80.296722
885,PSYCHOSES,MARGARET R PARDEE MEMORIAL HOSPITAL,800 N JUSTICE ST,HENDERSONVILLE,NC,28791,NC - Asheville,164,11301.58537,5447.573171,Inpatient,35.319889,-82.468224
885,PSYCHOSES,PARK RIDGE HEALTH,100 HOSPITAL DRIVE,HENDERSONVILLE,NC,28792,NC - Asheville,128,11267.82813,5429.648438,Inpatient,35.38987,-82.486862
885,PSYCHOSES,CAPE FEAR VALLEY MEDICAL CENTER,1638 OWEN DRIVE P O BOX 2000,FAYETTEVILLE,NC,28302,NC - Raleigh,139,18747.18705,6700.503597,Inpatient,,
885,PSYCHOSES,DUKE UNIVERSITY HOSPITAL,PO BOX 3708 DUMC ERWIN RD,DURHAM,NC,27710,NC - Durham,17,25129.41176,10319.47059,Inpatient,,
885,PSYCHOSES,GASTON MEMORIAL HOSPITAL,2525 COURT DR,GASTONIA,NC,28052,NC - Charlotte,311,14283.89711,5940.016077,Inpatient,35.27391,-81.137123
885,PSYCHOSES,PITT COUNTY MEMORIAL HOSPITAL,"2100 STANTONSBURG RD, PO BOX 6028",GREENVILLE,NC,27835,NC - Greenville,20,15308.5,7433.9,Inpatient,,
885,PSYCHOSES,SOUTHEASTERN REGIONAL MEDICAL CENTER,300 W 27 ST PO BOX 1408,LUMBERTON,NC,28359,NC - Durham,287,11896.48432,6914.69338,Inpatient,,
885,PSYCHOSES,PRESBYTERIAN HOSPITAL,200 HAWTHORNE LANE BOX 33549,CHARLOTTE,NC,28233,NC - Charlotte,14,13810.21429,5952.5,Inpatient,,
885,PSYCHOSES,UNIVERSITY OF NORTH CAROLINA HOSPITAL,101 MANNING DRIVE,CHAPEL HILL,NC,27514,NC - Durham,16,12552.3125,9086.6875,Inpatient,35.90351,-79.05201
885,PSYCHOSES,"WAKEMED, RALEIGH CAMPUS",3000 NEW BERN AVE,RALEIGH,NC,27610,NC - Raleigh,19,18929.94737,6428.526316,Inpatient,35.78487,-78.590439
885,PSYCHOSES,BETSY JOHNSON REGIONAL HOSPITAL,800 TILGHMAN DR,DUNN,NC,28334,NC - Raleigh,32,10272.5625,6393.65625,Inpatient,35.30735,-78.633057
885,PSYCHOSES,GRACE HOSPITAL INC,2201 S STERLING ST,MORGANTON,NC,28655,NC - Charlotte,250,18075.372,5751.892,Inpatient,35.724173,-81.659017
885,PSYCHOSES,"MOSES H CONE MEMORIAL HOSPITAL, THE",1200 N ELM ST,GREENSBORO,NC,27401,NC - Greensboro,22,13146.36364,6716.363636,Inpatient,36.091259,-79.788811
885,PSYCHOSES,SANDHILLS REGIONAL MEDICAL CENTER,1000 WEST HAMLET AVENUE,HAMLET,NC,28345,NC - Charlotte,112,9683.75,5453.267857,Inpatient,34.902245,-79.7113
885,PSYCHOSES,CAROLINAS MEDICAL CENTER/BEHAV HEALTH,1000 BLYTHE BLVD,CHARLOTTE,NC,28203,NC - Charlotte,35,25309.54286,10711.57143,Inpatient,35.204689,-80.83873
885,PSYCHOSES,REX HOSPITAL,4420 LAKE BOONE TRAIL,RALEIGH,NC,27607,NC - Raleigh,17,18337.82353,5211.176471,Inpatient,35.815486,-78.703991
885,PSYCHOSES,FRYE REGIONAL MEDICAL CENTER,420 N CENTER ST,HICKORY,NC,28601,NC - Hickory,75,30789.33333,5305.786667,Inpatient,35.73753,-81.337753
885,PSYCHOSES,CAROLINA EAST MEDICAL CENTER,2000 NEUSE BLVD,NEW BERN,NC,28560,NC - Greenville,141,10034.14184,6449.156028,Inpatient,35.111919,-77.06633
885,PSYCHOSES,NEW HANOVER REGIONAL MEDICAL CENTER,2131 S 17TH ST BOX 9000,WILMINGTON,NC,28402,NC - Wilmington,18,10851.66667,6278.722222,Inpatient,,
885,PSYCHOSES,NASH GENERAL HOSPITAL,2460 CURTIS ELLIS DRIVE,ROCKY MOUNT,NC,27804,NC - Raleigh,227,9984.088106,6755.907489,Inpatient,35.97297,-77.848336
885,PSYCHOSES,"UNIVERSITY HOSPITAL, INC",234 GOODMAN STREET,CINCINNATI,OH,45267,OH - Cincinnati,18,10620.33333,9107.333333,Inpatient,39.136719,-84.502373
885,PSYCHOSES,RIVERSIDE METHODIST HOSPITAL,3535 OLENTANGY RIVER RD,COLUMBUS,OH,43214,OH - Columbus,25,17606.2,5829.32,Inpatient,40.029968,-83.033478
885,PSYCHOSES,FIRELANDS REGIONAL MEDICAL CENTER,1111 HAYES AVENUE,SANDUSKY,OH,44870,OH - Cleveland,322,17183.9441,5732.832298,Inpatient,41.446166,-82.708792
885,PSYCHOSES,MOUNT CARMEL HEALTH,793 WEST STATE STREET,COLUMBUS,OH,43222,OH - Columbus,19,9260.157895,5426.315789,Inpatient,39.95771,-83.021118
885,PSYCHOSES,GENESIS HEALTHCARE SYSTEM,2951 MAPLE AVENUE,ZANESVILLE,OH,43701,OH - Columbus,278,7959.435252,5667.230216,Inpatient,39.975922,-82.01458
885,PSYCHOSES,GOOD SAMARITAN HOSPITAL,2222 PHILADELPHIA DRIVE,DAYTON,OH,45406,OH - Dayton,259,25700.10425,6044.393822,Inpatient,39.789598,-84.235044
885,PSYCHOSES,TRUMBULL MEMORIAL HOSPITAL,1350 EAST MARKET STREET,WARREN,OH,44482,OH - Youngstown,162,15846.62963,5326.734568,Inpatient,41.236462,-80.798538
885,PSYCHOSES,ST ELIZABETH HEALTH CENTER,1044 BELMONT AVENUE,YOUNGSTOWN,OH,44501,OH - Youngstown,226,9475.774336,5563.588496,Inpatient,41.114601,-80.655823
885,PSYCHOSES,ST RITA'S MEDICAL CENTER,730 WEST MARKET STREET,LIMA,OH,45801,OH - Dayton,152,12328.69079,5291.368421,Inpatient,40.74004,-84.119133
885,PSYCHOSES,FAIRFIELD MEDICAL CENTER,401 NORTH EWING STREET,LANCASTER,OH,43130,OH - Columbus,48,6119.6875,5297.541667,Inpatient,39.718201,-82.576401
885,PSYCHOSES,OHIO STATE UNIVERSITY HOSPITALS,410 WEST 10TH AVENUE,COLUMBUS,OH,43210,OH - Columbus,31,31724.25806,10018.90323,Inpatient,39.994101,-83.01747
885,PSYCHOSES,LAKE HEALTH,7590 AUBURN ROAD,CONCORD,OH,44077,OH - Cleveland,15,16094.26667,4831.466667,Inpatient,41.664164,-81.244556
885,PSYCHOSES,MERCY ST VINCENT MEDICAL CENTER,2213 CHERRY STREET,TOLEDO,OH,43608,OH - Toledo,239,29854.50209,10174.79498,Inpatient,41.66822,-83.541473
885,PSYCHOSES,EMH REGIONAL MEDICAL CENTER,630 EAST RIVER STREET,ELYRIA,OH,44035,OH - Elyria,135,9050.77037,4929.896296,Inpatient,41.366871,-82.097839
885,PSYCHOSES,MARIETTA MEMORIAL HOSPITAL,401 MATTHEW STREET,MARIETTA,OH,45750,OH - Columbus,14,11470.92857,4820.642857,Inpatient,39.430679,-81.46479
885,PSYCHOSES,BELMONT COMMUNITY HOSPITAL,4697 HARRISON STREET,BELLAIRE,OH,43906,PA - Pittsburgh,51,13809.17647,5103,Inpatient,40.029642,-80.740958
885,PSYCHOSES,SOUTHWEST GENERAL HEALTH CENTER,18697 BAGLEY ROAD,MIDDLEBURG HEIG,OH,44130,OH - Cleveland,11,15386.27273,4757.727273,Inpatient,41.372082,-81.832916
885,PSYCHOSES,ADENA REGIONAL MEDICAL CENTER,272 HOSPITAL ROAD,CHILLICOTHE,OH,45601,OH - Columbus,110,6256.336364,5647.563636,Inpatient,39.395592,-82.97081
885,PSYCHOSES,MERCY REGIONAL MEDICAL CENTER,3700 KOLBE ROAD,LORAIN,OH,44053,OH - Elyria,219,10257.80822,5182.022831,Inpatient,41.438,-82.235283
885,PSYCHOSES,LICKING MEMORIAL HOSPITAL,1320 WEST MAIN STREET,NEWARK,OH,43055,OH - Columbus,78,7270.179487,5713.282051,Inpatient,40.047031,-82.449692
885,PSYCHOSES,MERCY HOSPITAL CLERMONT,3000 HOSPITAL DRIVE,BATAVIA,OH,45103,OH - Cincinnati,180,12517.38889,6049.861111,Inpatient,39.080198,-84.146584
885,PSYCHOSES,KETTERING MEDICAL CENTER - SYCAMORE,4000 MIAMISBURG-CENTERVILLE ROAD,MIAMISBURG,OH,45342,OH - Kettering,191,16440.51832,5591.575916,Inpatient,39.638072,-84.225746
885,PSYCHOSES,HILLCREST MEDICAL CENTER,1120 SOUTH UTICA AVENUE,TULSA,OK,74104,OK - Tulsa,199,13150.1809,6700.542714,Inpatient,36.14756,-95.967163
885,PSYCHOSES,DEACONESS HOSPITAL,5501 NORTH PORTLAND AVENUE,OKLAHOMA CITY,OK,73112,OK - Oklahoma City,330,16885.98788,5070.593939,Inpatient,35.526691,-97.58342
885,PSYCHOSES,ST ANTHONY HOSPITAL,1000 NORTH LEE AVENUE,OKLAHOMA CITY,OK,73101,OK - Oklahoma City,221,14012.61538,7208.683258,Inpatient,35.477989,-97.524269
885,PSYCHOSES,"SAINT FRANCIS HOSPITAL, INC",6161 SOUTH YALE,TULSA,OK,74136,OK - Tulsa,19,11672.84211,5442.526316,Inpatient,36.0732,-95.922096
885,PSYCHOSES,"ST JOHN MEDICAL CENTER, INC",1923 SOUTH UTICA AVENUE,TULSA,OK,74104,OK - Tulsa,19,17274.26316,5352.842105,Inpatient,36.13427,-95.967239
885,PSYCHOSES,WAGONER COMMUNITY HOSPITAL,1200 WEST CHEROKEE STREET,WAGONER,OK,74467,OK - Tulsa,350,5628.331429,6813.582857,Inpatient,35.959867,-95.392559
885,PSYCHOSES,THREE RIVERS COMMUNITY HOSPITAL,500 SW RAMSEY AVENUE,GRANTS PASS,OR,97527,OR - Medford,14,9461.5,5494.142857,Inpatient,42.421262,-123.340078
885,PSYCHOSES,PROVIDENCE ST VINCENT MEDICAL CENTER,9205 SW BARNES ROAD,PORTLAND,OR,97225,OR - Portland,163,22870.17791,7202.852761,Inpatient,45.508911,-122.771408
885,PSYCHOSES,OHSU HOSPITAL AND CLINICS,3181 SW SAM JACKSON PARK ROAD,PORTLAND,OR,97223,OR - Portland,104,28366.53846,13836.44231,Inpatient,45.499707,-122.685101
885,PSYCHOSES,ST CHARLES MEDICAL CENTER - BEND,2500 NE NEFF ROAD,BEND,OR,97701,OR - Bend,60,11974.43333,5774.983333,Inpatient,44.065769,-121.266518
885,PSYCHOSES,BAY AREA HOSPITAL,1775 THOMPSON ROAD,COOS BAY,OR,97420,OR - Eugene,60,16686.18333,8314.316667,Inpatient,43.38585,-124.233148
885,PSYCHOSES,UPMC MCKEESPORT,1500 FIFTH AVENUE,MC KEESPORT,PA,15132,PA - Pittsburgh,149,20058.71812,9000.879195,Inpatient,40.38406,-79.804718
885,PSYCHOSES,SAINT VINCENT HEALTH CENTER,232 WEST 25TH STREET,ERIE,PA,16544,PA - Erie,193,17767.44041,6156.207254,Inpatient,42.11072,-80.07989
885,PSYCHOSES,JAMESON MEMORIAL HOSPITAL,1211 WILMINGTON AVENUE,NEW CASTLE,PA,16105,OH - Youngstown,55,10683.27273,5947.727273,Inpatient,41.013401,-80.351067
885,PSYCHOSES,UPMC MERCY,1400 LOCUST STREET,PITTSBURGH,PA,15219,PA - Pittsburgh,118,18472.49153,10043.5339,Inpatient,40.436901,-79.986229
885,PSYCHOSES,SCHUYLKILL MEDICAL CENTER - SOUTH JACKSON STREET,420 SOUTH JACKSON STREET,POTTSVILLE,PA,17901,PA - Reading,203,15584.94089,6380.615764,Inpatient,40.683654,-76.188763
885,PSYCHOSES,ST LUKE'S HOSPITAL BETHLEHEM,801 OSTRUM STREET,BETHLEHEM,PA,18015,PA - Allentown,11,28085.54545,6387.454545,Inpatient,40.608475,-75.392714
885,PSYCHOSES,LANCASTER REGIONAL MEDICAL CENTER,250 COLLEGE AVENUE,LANCASTER,PA,17604,PA - Lancaster,107,13980.8972,5172.065421,Inpatient,40.041005,-76.320481
885,PSYCHOSES,ALTOONA REGIONAL HEALTH SYSTEM,620 HOWARD AVENUE,ALTOONA,PA,16601,PA - Altoona,207,18095.90338,5371.811594,Inpatient,40.521528,-78.397857
885,PSYCHOSES,BRANDYWINE HOSPITAL,201 REESEVILLE ROAD,COATESVILLE,PA,19320,PA - Lancaster,260,42267.56154,5921.623077,Inpatient,40.010059,-75.790323
885,PSYCHOSES,ROBERT PACKER HOSPITAL,ONE GUTHRIE SQUARE,SAYRE,PA,18840,PA - Sayre,159,18040.31447,6933.245283,Inpatient,41.98095,-76.51867
885,PSYCHOSES,SUNBURY COMMUNITY HOSPITAL,350 NORTH 11TH STREET,SUNBURY,PA,17801,PA - Danville,119,31793.35294,5280.546218,Inpatient,40.86214,-76.778448
885,PSYCHOSES,DUBOIS REGIONAL MEDICAL CENTER,100 HOSPITAL AVENUE,DUBOIS,PA,15801,PA - Pittsburgh,244,11112.43443,5529.20082,Inpatient,41.11425,-78.775574
885,PSYCHOSES,HOLY REDEEMER HOSPITAL AND MEDICAL CENTER,1648 HUNTINGDON PIKE,MEADOWBROOK,PA,19046,PA - Philadelphia,13,35308.07692,5738.692308,Inpatient,40.108853,-75.081322
885,PSYCHOSES,CONEMAUGH VALLEY MEMORIAL HOSPITAL,1086 FRANKLIN STREET,JOHNSTOWN,PA,15905,PA - Johnstown,144,13096.52083,6897.118056,Inpatient,40.30485,-78.91888
885,PSYCHOSES,MEADVILLE MEDICAL CENTER,751 LIBERTY STREET,MEADVILLE,PA,16335,PA - Erie,128,10516.03125,5633.257813,Inpatient,41.641621,-80.146431
885,PSYCHOSES,BRADFORD REGIONAL MEDICAL CENTER,116 INTERSTATE PARKWAY,BRADFORD,PA,16701,PA - Erie,97,8674.824742,5121.752577,Inpatient,41.961189,-78.660309
885,PSYCHOSES,ST JOSEPH'S HOSPITAL,1600 WEST GIRARD AVENUE,PHILADELPHIA,PA,19130,PA - Philadelphia,16,54121.0625,11868.875,Inpatient,39.971989,-75.16349
885,PSYCHOSES,LEHIGH VALLEY HOSPITAL,PO BOX 689,ALLENTOWN,PA,18105,PA - Allentown,18,21548.88889,6446.833333,Inpatient,40.6026,-75.470261
885,PSYCHOSES,WILKES-BARRE GENERAL HOSPITAL,575 NORTH RIVER STREET,WILKES-BARRE,PA,18764,PA - Wilkes-Barre,13,20610.84615,5271,Inpatient,41.25837,-75.86813
885,PSYCHOSES,MAIN LINE HOSPITAL BRYN MAWR CAMPUS,130 SOUTH BRYN MAWR AVE,BRYN MAWR,PA,19010,PA - Philadelphia,19,26157.73684,5777.315789,Inpatient,40.0187,-75.320221
885,PSYCHOSES,EXCELA HEALTH WESTMORELAND REGIONAL HOSPITAL,532 WEST PITTSBURGH STREET,GREENSBURG,PA,15601,PA - Pittsburgh,156,9892.339744,4874.564103,Inpatient,40.301281,-79.555489
885,PSYCHOSES,MERCY FITZGERALD HOSPITAL,LANSDOWNE & BAILY RDS,DARBY,PA,19023,PA - Philadelphia,83,46042.22892,10298.6747,Inpatient,39.928761,-75.26873
885,PSYCHOSES,ACMH HOSPITAL,ONE NOLTE DRIVE,KITTANNING,PA,16201,PA - Pittsburgh,63,10044.03175,5031.095238,Inpatient,40.815124,-79.566325
885,PSYCHOSES,UPMC PRESBYTERIAN SHADYSIDE,200 LOTHROP STREET,PITTSBURGH,PA,15213,PA - Pittsburgh,12,29899.5,7904.666667,Inpatient,40.44187,-79.960831
885,PSYCHOSES,BUTLER MEMORIAL HOSPITAL,ONE HOSPITAL WAY,BUTLER,PA,16001,PA - Pittsburgh,60,13803.56667,4914.166667,Inpatient,40.86649,-79.87897
885,PSYCHOSES,GNADEN HUETTEN MEMORIAL HOSPITAL,211 NORTH 12TH STREET,LEHIGHTON,PA,18235,PA - Allentown,127,9774.96063,5141.866142,Inpatient,40.832459,-75.726819
885,PSYCHOSES,SACRED HEART HOSPITAL,421 CHEW STREET,ALLENTOWN,PA,18102,PA - Allentown,131,33855.00763,7846.137405,Inpatient,40.607948,-75.468208
885,PSYCHOSES,POCONO MEDICAL CENTER,206 EAST BROWN STREET,EAST STROUDSBUR,PA,18301,PA - Allentown,11,21026.90909,6430,Inpatient,40.99223,-75.17461
885,PSYCHOSES,SHARON REGIONAL HEALTH SYSTEM,740 EAST STATE STREET,SHARON,PA,16146,OH - Youngstown,148,9647.939189,5719.385135,Inpatient,41.23301,-80.495945
885,PSYCHOSES,PENNSYLVANIA HOSP OF THE UNIV OF PA HEALTH SYS,800 SPRUCE STREET,PHILADELPHIA,PA,19107,PA - Philadelphia,17,77948.35294,12857.23529,Inpatient,39.945831,-75.155571
885,PSYCHOSES,ROGER WILLIAMS MEDICAL CENTER,825 CHALKSTONE AVENUE,PROVIDENCE,RI,2908,RI - Providence,128,14092.58594,8325.023438,Inpatient,41.83379,-71.435303
885,PSYCHOSES,RHODE ISLAND HOSPITAL,593 EDDY STREET,PROVIDENCE,RI,2902,RI - Providence,14,26340.92857,11863,Inpatient,41.811493,-71.407081
885,PSYCHOSES,KENT COUNTY MEMORIAL HOSPITAL,455 TOLL GATE RD,WARWICK,RI,2886,RI - Providence,266,27515.4812,7193.240602,Inpatient,41.7044,-71.47777
885,PSYCHOSES,MUSC MEDICAL CENTER,169 ASHLEY AVE,CHARLESTON,SC,29425,SC - Charleston,15,20707.73333,10608.66667,Inpatient,32.785462,-79.946651
885,PSYCHOSES,MCLEOD MEDICAL CENTER - DILLON,301 E JACKSON ST,DILLON,SC,29536,SC - Florence,11,6817.272727,5547.545455,Inpatient,34.421202,-79.365985
885,PSYCHOSES,SPARTANBURG REGIONAL MEDICAL CENTER,101 E WOOD ST,SPARTANBURG,SC,29303,SC - Spartanburg,140,20266.45714,6288.392857,Inpatient,34.96785,-81.940338
885,PSYCHOSES,PALMETTO HEALTH RICHLAND,5 RICHLAND MEDICAL PARK,COLUMBIA,SC,29203,SC - Columbia,11,20744.09091,7188.909091,Inpatient,34.028885,-81.032375
885,PSYCHOSES,COLLETON MEDICAL CENTER,501 ROBERTSON BOULEVARD,WALTERBORO,SC,29488,SC - Charleston,88,15217.21591,5576.727273,Inpatient,32.921822,-80.670547
885,PSYCHOSES,MCLEOD REGIONAL MEDICAL CENTER-PEE DEE,555 E CHEVES ST BOX 8700,FLORENCE,SC,29506,SC - Florence,13,19964.15385,5808.384615,Inpatient,,
885,PSYCHOSES,BON SECOURS-ST FRANCIS XAVIER HOSPITAL,2095 HENRY TECKLENBURG DRIVE,CHARLESTON,SC,29414,SC - Charleston,28,26315.78571,5947.964286,Inpatient,32.810459,-80.041321
885,PSYCHOSES,LEXINGTON MEDICAL CENTER,2720 SUNSET BLVD,WEST COLUMBIA,SC,29169,SC - Columbia,12,21358.66667,5029.583333,Inpatient,34.00465,-81.115639
885,PSYCHOSES,GRAND STRAND REG MED CENTER,809 82ND PARKWAY BOX 7500,MYRTLE BEACH,SC,29577,SC - Charleston,21,14280.80952,4830.809524,Inpatient,,
885,PSYCHOSES,AVERA MCKENNAN HOSPITAL & UNIVERSITY HEALTH CENTER,1325 S CLIFF AVE PO BOX 5045,SIOUX FALLS,SD,57117,SD - Sioux Falls,497,14755.79074,6585.973843,Inpatient,,
885,PSYCHOSES,JACKSON-MADISON COUNTY GENERAL HOSPITAL,620 SKYLINE DRIVE,JACKSON,TN,38301,TN - Jackson,20,11370.45,5417.5,Inpatient,35.63953,-88.832047
885,PSYCHOSES,SKYLINE MEDICAL CENTER,3441 DICKERSON PIKE,NASHVILLE,TN,37207,TN - Nashville,315,28638.82857,5492.977778,Inpatient,36.243881,-86.756622
885,PSYCHOSES,WELLMONT BRISTOL REGIONAL MEDICAL CENTER,ONE MEDICAL PARK BLVD,BRISTOL,TN,37620,TN - Kingsport,14,8375,4901.571429,Inpatient,36.58865,-82.25341
885,PSYCHOSES,VANDERBILT UNIVERSITY HOSPITAL,1161 21ST AVENUE SOUTH,NASHVILLE,TN,37232,TN - Nashville,11,61086.63636,9730.727273,Inpatient,36.142178,-86.800133
885,PSYCHOSES,METHODIST HEALTHCARE MEMPHIS HOSPITALS,1265 UNION AVE SUITE 700,MEMPHIS,TN,38104,TN - Memphis,26,17072.42308,6339.230769,Inpatient,35.137131,-90.019188
885,PSYCHOSES,JOHNSON CITY MEDICAL CENTER,400 N STATE OF FRANKLIN RD,JOHNSON CITY,TN,37604,TN - Johnson City,42,14550.85714,5422.952381,Inpatient,36.307388,-82.386383
885,PSYCHOSES,JAMESTOWN REGIONAL MEDICAL CENTER,436 CENTRAL AVENUE WEST,JAMESTOWN,TN,38556,TN - Nashville,13,10896.76923,4683.615385,Inpatient,36.431622,-84.94371
885,PSYCHOSES,SUMMIT MEDICAL CENTER,5655 FRIST BLVD,HERMITAGE,TN,37076,TN - Nashville,205,24575.07805,5315.946341,Inpatient,36.17812,-86.606003
885,PSYCHOSES,PARKRIDGE MEDICAL CENTER,2333 MCCALLIE AVE,CHATTANOOGA,TN,37404,TN - Chattanooga,465,19520.93978,6119.146237,Inpatient,35.033428,-85.268028
885,PSYCHOSES,CENTENNIAL MEDICAL CENTER,2300 PATTERSON STREET,NASHVILLE,TN,37203,TN - Nashville,18,28222,7154.888889,Inpatient,36.152828,-86.80777
885,PSYCHOSES,PARKWEST MEDICAL CENTER,9352 PARK WEST BLVD,KNOXVILLE,TN,37923,TN - Knoxville,808,8095.337871,4880.944307,Inpatient,35.917702,-84.101852
885,PSYCHOSES,SKYRIDGE MEDICAL CENTER,2305 CHAMBLISS AVE NW,CLEVELAND,TN,37311,TN - Chattanooga,262,12836.15267,5056.679389,Inpatient,35.17704,-84.868408
885,PSYCHOSES,VHS HARLINGEN HOSPITAL COMPANY LLC,2101 PEASE ST,HARLINGEN,TX,78550,TX - Harlingen,12,24419.41667,6579.75,Inpatient,26.17403,-97.67124
885,PSYCHOSES,JPS HEALTH NETWORK,1500 S MAIN ST,FORT WORTH,TX,76104,TX - Fort Worth,12,26458.75,8021.083333,Inpatient,32.726471,-97.326424
885,PSYCHOSES,CHRISTUS SPOHN HOSPITAL CORPUS CHRISTI,600 ELIZABETH STREET,CORPUS CHRISTI,TX,78404,TX - Corpus Christi,231,23694.11255,5653.376623,Inpatient,27.777499,-97.395283
885,PSYCHOSES,SETON MEDICAL CENTER AUSTIN,1201 W 38TH ST,AUSTIN,TX,78705,TX - Austin,15,29322.2,5155.733333,Inpatient,30.306299,-97.745552
885,PSYCHOSES,BAPTIST MEDICAL CENTER,111 DALLAS STREET,SAN ANTONIO,TX,78205,TX - San Antonio,277,14644.05776,5739.574007,Inpatient,29.432889,-98.492781
885,PSYCHOSES,EAST TEXAS MEDICAL CENTER,1000 SOUTH BECKHAM STREET,TYLER,TX,75701,TX - Tyler,508,38303.37205,5462.677165,Inpatient,32.338322,-95.291901
885,PSYCHOSES,BAYSHORE MEDICAL CENTER,4000 SPENCER HWY,PASADENA,TX,77504,TX - Houston,49,35729.32653,5865.55102,Inpatient,29.66518,-95.183714
885,PSYCHOSES,NIX HEALTH CARE SYSTEM,"414 NAVARRO, SUITE 600",SAN ANTONIO,TX,78205,TX - San Antonio,801,18527.90512,6783.018727,Inpatient,29.426781,-98.489739
885,PSYCHOSES,METROPLEX HOSPITAL,2201 S CLEAR CREEK ROAD,KILLEEN,TX,76542,TX - Temple,26,12351.88462,5342.807692,Inpatient,31.11245,-97.799896
885,PSYCHOSES,ST LUKES EPISCOPAL HOSPITAL,6720 BERTNER,HOUSTON,TX,77030,TX - Houston,15,25276,6146.266667,Inpatient,29.708393,-95.399135
885,PSYCHOSES,NORTHWEST TEXAS HOSPITAL,1501 COULTER ROAD,AMARILLO,TX,79106,TX - Amarillo,15,6132.733333,6086.2,Inpatient,35.19952,-101.92188
885,PSYCHOSES,UNIVERSITY HEALTH SYSTEM,4502 MEDICAL DR,SAN ANTONIO,TX,78229,TX - San Antonio,70,13200.12857,11971.62857,Inpatient,29.51001,-98.579086
885,PSYCHOSES,LAKE WHITNEY MEDICAL CENTER,200 N SAN JACINTO STREET,WHITNEY,TX,76692,TX - Waco,35,2749.942857,4784.514286,Inpatient,31.95125,-97.320198
885,PSYCHOSES,HARRIS COUNTY HOSPITAL DISTRICT,2525 HOLLY HALL,HOUSTON,TX,77054,TX - Houston,11,24323.18182,10075.72727,Inpatient,29.68537,-95.39047
885,PSYCHOSES,TEXOMA MEDICAL CENTER,5016 S US HIGHWAY 75,DENISON,TX,75020,TX - Dallas,153,19349.05229,5828.411765,Inpatient,33.710979,-96.587084
885,PSYCHOSES,MEMORIAL HERMANN BAPTIST BEAUMONT HOSPITAL,3080 COLLEGE STREET,BEAUMONT,TX,77701,TX - Beaumont,180,14330.7,5274.833333,Inpatient,30.06847,-94.119743
885,PSYCHOSES,METHODIST HOSPITAL,7700 FLOYD CURL DR,SAN ANTONIO,TX,78229,TX - San Antonio,644,28103.77795,6107.520186,Inpatient,29.5089,-98.573853
885,PSYCHOSES,MEDICAL CENTER OF MCKINNEY,4500 MEDICAL CENTER DRIVE,MCKINNEY,TX,75069,TX - Dallas,32,35924.0625,5713.65625,Inpatient,33.16042,-96.635355
885,PSYCHOSES,RIVERSIDE GENERAL HOSPITAL,3204 ENNIS ST,HOUSTON,TX,77004,TX - Houston,429,31319.8648,5570.18648,Inpatient,29.73049,-95.360558
885,PSYCHOSES,TEXAS HEALTH PRESBYTERIAN HOSPITAL DALLAS,8200 WALNUT HILL LANE,DALLAS,TX,75231,TX - Dallas,12,20473.16667,6104.083333,Inpatient,32.883202,-96.763351
885,PSYCHOSES,METHODIST RICHARDSON MEDICAL CENTER,401 W CAMPBELL RD,RICHARDSON,TX,75080,TX - Dallas,37,13760.94595,5513.864865,Inpatient,32.975349,-96.727142
885,PSYCHOSES,CLEAR LAKE REGIONAL MEDICAL CENTER,500 MEDICAL CENTER BLVD,WEBSTER,TX,77598,TX - Houston,11,35866,6668.909091,Inpatient,29.54035,-95.127274
885,PSYCHOSES,MEDICAL CITY DALLAS HOSPITAL,7777 FOREST LANE,DALLAS,TX,75230,TX - Dallas,15,34293.8,5602.2,Inpatient,32.90941,-96.771789
885,PSYCHOSES,HUGULEY HEALTH SYSTEM,11801 SOUTH FREEWAY,FORT WORTH,TX,76115,TX - Fort Worth,165,11874.12727,5260.878788,Inpatient,32.58567,-97.319092
885,PSYCHOSES,SOUTHWEST GENERAL HOSPITAL,7400 BARLITE BLVD,SAN ANTONIO,TX,78224,TX - San Antonio,188,16135.05851,7395.420213,Inpatient,29.354111,-98.546509
885,PSYCHOSES,PALESTINE REGIONAL MEDICAL CENTER,2900 S LOOP 256,PALESTINE,TX,75801,TX - Tyler,171,34619.36842,5545.315789,Inpatient,31.734011,-95.627472
885,PSYCHOSES,"CORPUS CHRISTI MEDICAL CENTER,THE",7101 S PADRE ISLAND DR,CORPUS CHRISTI,TX,78412,TX - Corpus Christi,195,16147.76923,5816.005128,Inpatient,27.694559,-97.344498
885,PSYCHOSES,DOCTORS HOSPITAL AT RENAISSANCE,5501 SOUTH MCCOLL,EDINBURG,TX,78539,TX - McAllen,315,28672.93968,7468.428571,Inpatient,26.253796,-98.20386
885,PSYCHOSES,MOUNTAIN VIEW HOSPITAL,1000 EAST 100 NORTH,PAYSON,UT,84651,UT - Provo,18,11975.72222,5921.722222,Inpatient,40.04464,-111.715233
885,PSYCHOSES,DIXIE REGIONAL MEDICAL CENTER,1380 EAST MEDICAL CENTER DRIVE,ST GEORGE,UT,84790,UT - Salt Lake City,18,8867.611111,5593.277778,Inpatient,37.09984,-113.553374
885,PSYCHOSES,LAKEVIEW HOSPITAL,630 EAST MEDICAL DRIVE,BOUNTIFUL,UT,84010,UT - Salt Lake City,26,21642.38462,6904.230769,Inpatient,40.886711,-111.868233
885,PSYCHOSES,JORDAN VALLEY MEDICAL CENTER,3580 WEST 9000 SOUTH,WEST JORDAN,UT,84088,UT - Salt Lake City,32,15830.8125,5748.78125,Inpatient,40.587899,-111.975037
885,PSYCHOSES,FLETCHER ALLEN HOSPITAL OF VERMONT,111 COLCHESTER AVE,BURLINGTON,VT,5401,VT - Burlington,126,20524.81746,11382.92857,Inpatient,44.480701,-73.196549
885,PSYCHOSES,RUTLAND REGIONAL MEDICAL CENTER,160 ALLEN ST,RUTLAND,VT,5701,VT - Burlington,116,18882.81897,7947.362069,Inpatient,43.59927,-72.955818
885,PSYCHOSES,ROCKINGHAM MEMORIAL HOSPITAL,2010 HEALTH CAMPUS DRIVE,HARRISONBURG,VA,22801,VA - Charlottesville,155,11863.00645,5781.348387,Inpatient,38.406438,-78.85794
885,PSYCHOSES,WINCHESTER MEDICAL CENTER INC,220 CAMPUS BLVD SUITE 210,WINCHESTER,VA,22601,VA - Winchester,16,12158.1875,5576.4375,Inpatient,39.200546,-78.188735
885,PSYCHOSES,BON SECOURS MARYVIEW MEDICAL CENTER,3636 HIGH STREET,PORTSMOUTH,VA,23707,VA - Norfolk,514,10396.39105,5610.865759,Inpatient,36.836349,-76.348549
885,PSYCHOSES,AUGUSTA HEALTH,78 MEDICAL CENTER DRIVE,FISHERSVILLE,VA,22939,VA - Charlottesville,172,7893.302326,5670.133721,Inpatient,38.096243,-78.986977
885,PSYCHOSES,"CENTRA HEALTH, INC",1920 ATHERHOLT ROAD,LYNCHBURG,VA,24501,VA - Lynchburg,31,8717.774194,5238.645161,Inpatient,37.414028,-79.16964
885,PSYCHOSES,"MARY WASHINGTON HOSPITAL, INC",1001 SAM PERRY BOULEVARD,FREDERICKSBURG,VA,22401,VA - Richmond,229,22114.36681,6247.886463,Inpatient,38.311434,-77.480703
885,PSYCHOSES,LEWISGALE MEDICAL CENTER,1900 ELECTRIC ROAD,SALEM,VA,24153,VA - Roanoke,23,16415.21739,5206.043478,Inpatient,37.263889,-80.033287
885,PSYCHOSES,VIRGINIA HOSPITAL CENTER - ARLINGTON,1701 NORTH GEORGE MASON DRIVE,ARLINGTON,VA,22205,VA - Arlington,48,10676.60417,6081.9375,Inpatient,38.88945,-77.128754
885,PSYCHOSES,BON SECOURS - ST MARYS HOSPITAL OF RICHMOND,5801 BREMO RD,RICHMOND,VA,23226,VA - Richmond,17,16339.47059,6396.235294,Inpatient,37.584978,-77.512639
885,PSYCHOSES,SOUTHSIDE REGIONAL MEDICAL CENTER,200 MEDICAL PARK BOULEVARD,PETERSBURG,VA,23805,VA - Richmond,150,22238.48,5649.933333,Inpatient,37.18376,-77.36137
885,PSYCHOSES,BON SECOURS - RICHMOND COMMUNITY HOSPITAL,1500 N. 28TH STREET,RICHMOND,VA,23223,VA - Richmond,371,14282.03774,6606.072776,Inpatient,37.540218,-77.406227
885,PSYCHOSES,CJW MEDICAL CENTER,1401 JOHNSTON WILLIS DRIVE,RICHMOND,VA,23235,VA - Richmond,11,18148.63636,5027.090909,Inpatient,37.510509,-77.597328
885,PSYCHOSES,TWIN COUNTY REGIONAL HOSPITAL,200 HOSPITAL DRIVE,GALAX,VA,24333,NC - Winston-Salem,87,13208.77011,5323.471264,Inpatient,36.671674,-80.923645
885,PSYCHOSES,CATAWBA HOSPITAL,PO BOX 200,CATAWBA,VA,24070,VA - Roanoke,120,11289.81667,4990.1,Inpatient,37.38134,-80.113678
885,PSYCHOSES,SKAGIT VALLEY HOSPITAL,1415 KINCAID STREET,MOUNT VERNON,WA,98274,WA - Everett,109,17499.33028,6286.779817,Inpatient,48.417461,-122.324257
885,PSYCHOSES,SWEDISH EDMONDS HOSPITAL,21601 76TH AVENUE WEST,EDMONDS,WA,98026,WA - Seattle,111,42208.46847,6397.81982,Inpatient,47.80381,-122.335693
885,PSYCHOSES,SWEDISH MEDICAL CENTER,747 BROADWAY,SEATTLE,WA,98122,WA - Seattle,13,9818.692308,6609.538462,Inpatient,47.608581,-122.32077
885,PSYCHOSES,ST JOSEPH MEDICAL CENTER,2901 SQUALICUM PARKWAY,BELLINGHAM,WA,98225,WA - Seattle,14,14404.07143,5990.142857,Inpatient,48.77236,-122.47508
885,PSYCHOSES,PEACHEALTH ST JOHN MEDICAL CENTER,1615 DELAWARE STREET,LONGVIEW,WA,98632,OR - Portland,131,20744.80153,6578.229008,Inpatient,46.131062,-122.941452
885,PSYCHOSES,PEACEHEALTH SOUTHWEST MEDICAL CENTER,400 NE MOTHER JOSEPH PLACE,VANCOUVER,WA,98668,OR - Portland,206,22710.62621,6517.684466,Inpatient,45.62325,-122.58031
885,PSYCHOSES,KADLEC REGIONAL MEDICAL CENTER,888 SWIFT BLVD,RICHLAND,WA,99352,WA - Spokane,11,15591.09091,5889.818182,Inpatient,46.280441,-119.282181
885,PSYCHOSES,ST JOSEPH MEDICAL CENTER,1717 SOUTH J STREET,TACOMA,WA,98405,WA - Tacoma,173,19042.39306,6756.687861,Inpatient,47.24611,-122.44891
885,PSYCHOSES,ST FRANCIS COMMUNITY HOSPITAL,34515 9TH AVENUE SOUTH,FEDERAL WAY,WA,98003,WA - Seattle,105,14829.54286,6429.952381,Inpatient,47.292541,-122.322937
885,PSYCHOSES,WEST VIRGINIA UNIVERSITY HOSPITALS,MEDICAL CENTER DRIVE,MORGANTOWN,WV,26506,WV - Morgantown,14,9842.642857,7331.285714,Inpatient,39.65305,-79.959488
885,PSYCHOSES,UNITED HOSPITAL CENTER,327 MEDICAL PARK DRIVE,BRIDGEPORT,WV,26330,WV - Morgantown,99,7495.616162,5464.222222,Inpatient,39.329905,-80.241271
885,PSYCHOSES,CHARLESTON AREA MEDICAL CENTER,501 MORRIS STREET,CHARLESTON,WV,25301,WV - Charleston,19,17694.78947,7576.789474,Inpatient,38.34713,-81.626152
885,PSYCHOSES,THOMAS MEMORIAL HOSPITAL,4605 MACCORKLE AVE SW,SOUTH CHARLESTO,WV,25309,WV - Charleston,14,11798.28571,5565.642857,Inpatient,38.355461,-81.727081
885,PSYCHOSES,MINISTRY ST MICHAELS HOSPITAL OF STEVENS POINT,900 ILLINOIS AVE,STEVENS POINT,WI,54481,WI - Marshfield,104,8865.086538,7405.317308,Inpatient,44.526241,-89.566231
885,PSYCHOSES,"MAYO CLINIC HLTH SYSTEM- FRANCISCAN MED CTR, INC",700 WEST AVE S,LA CROSSE,WI,54601,WI - La Crosse,143,15150.20979,6333.20979,Inpatient,43.804588,-91.239433
885,PSYCHOSES,ST ELIZABETH HSPTL,1506 S ONEIDA ST,APPLETON,WI,54915,WI - Appleton,131,8941.763359,5473.725191,Inpatient,44.24831,-88.404129
885,PSYCHOSES,SACRED HEART HSPTL,900 W CLAIREMONT AVE,EAU CLAIRE,WI,54701,MN - Minneapolis,160,10150.91875,6065.21875,Inpatient,44.793411,-91.51178
885,PSYCHOSES,AURORA SHEBOYGAN MEM MED CTR,2629 N 7TH ST,SHEBOYGAN,WI,53083,WI - Milwaukee,160,17891.10625,5535.20625,Inpatient,43.773361,-87.71125
885,PSYCHOSES,THEDA CLARK MED CTR,130 2ND ST,NEENAH,WI,54956,WI - Neenah,148,7619.621622,5477.243243,Inpatient,44.188341,-88.453889
885,PSYCHOSES,MERCY MED CTR OF OSHKOSH,500 S OAKWOOD RD,OSHKOSH,WI,54904,WI - Neenah,86,7372.744186,5317.05814,Inpatient,44.012794,-88.60309
885,PSYCHOSES,COLUMBIA ST MARYS HSPTL MILW (COL & MILW CAMPUS),2323 N LAKE DR,MILWAUKEE,WI,53211,WI - Milwaukee,175,15143.94857,6782.6,Inpatient,43.060842,-87.879686
885,PSYCHOSES,MERCY HLTH SYS CORP,1000 MINERAL POINT AVE,JANESVILLE,WI,53548,WI - Madison,147,9729.721088,5668.537415,Inpatient,42.68676,-89.03253
885,PSYCHOSES,MAYO CLINIC HEALTH SYSTEM EAU CLAIRE HOSPITAL,1221 WHIPPLE ST,EAU CLAIRE,WI,54703,MN - Minneapolis,175,9271.222857,5191.405714,Inpatient,44.81189,-91.51346
885,PSYCHOSES,WHEATON FRANCISCAN HEALTHCARE- ST FRANCIS,3237 S 16TH ST,MILWAUKEE,WI,53215,WI - Milwaukee,160,11882.4,6171.05625,Inpatient,42.98563,-87.9338
885,PSYCHOSES,ST MARY'S HOSPITAL,700 SOUTH PARK ST,MADISON,WI,53715,WI - Madison,14,12624.14286,6130.142857,Inpatient,43.059341,-89.400772
885,PSYCHOSES,GUNDERSEN LUTH MED CTR,1910 SOUTH AVE,LA CROSSE,WI,54601,WI - La Crosse,179,17980.58659,6657.106145,Inpatient,43.794281,-91.245506
885,PSYCHOSES,WHEATON FRANCISCAN HEALTHCARE- ALL SAINTS,3801 SPRING ST,RACINE,WI,53405,WI - Milwaukee,452,11719.38938,6155.568584,Inpatient,42.733688,-87.825767
885,PSYCHOSES,COMMUNITY MEM HSPTL,W180 N8085 TOWN HALL RD,MENOMONEE FALLS,WI,53051,WI - Milwaukee,14,14094.42857,5982,Inpatient,43.148565,-88.124443
885,PSYCHOSES,AURORA ST LUKES MEDICAL CENTER,2900 W OKLAHOMA AVE,MILWAUKEE,WI,53215,WI - Milwaukee,210,20669.34286,6869.847619,Inpatient,42.988571,-87.949432
885,PSYCHOSES,FROEDTERT MEM LUTHERAN HSPTL,9200 W WISCONSIN AVE,MILWAUKEE,WI,53226,WI - Milwaukee,14,17301.71429,8508.071429,Inpatient,43.038342,-88.028687
885,PSYCHOSES,"WESTBURY COMMUNITY HOSPITAL, LLC",5556 GASMER,HOUSTON,TX,77035,TX - Houston,553,9132.273056,4637.269439,Inpatient,29.65103,-95.478027